task_id,arrival_time,duration,deadline,cpu_req,priority,status
0,134.38991332408906,5.705900632101925,144.82095209574416,0.059997550041212135,1,pending
1,154.0698917584848,41.50153624371919,209.45818023481553,0.2954006386077092,0,pending
2,201.12112368499328,50.822463468208035,332.1813276721963,0.055523171283810645,1,pending
3,255.6376674202971,51.92813673117388,335.0380600537144,0.019928464073465043,1,pending
4,284.69503424360295,5.0,299.1488275106531,0.05522776074262181,0,pending
5,348.7576961308136,74.8916057418988,475.3772642856531,0.3571889944092542,1,pending
6,354.25619165037506,70.28004982834084,555.44104868786,0.10282252504307218,1,pending
7,439.5089405150914,60.28544143690936,615.0226853958727,0.05887128833812215,1,pending
8,442.2817112830007,16.28365128811049,482.9034343540802,0.053578366069689326,1,pending
9,466.0630385396644,42.049466289445405,522.1152235715792,0.11119262476553718,1,pending
10,472.1068354067375,5.0,480.7467466946676,0.044887385734023295,0,pending
11,484.3162042825087,54.77787298909152,569.1304864175274,0.24788933249122652,1,pending
12,595.6288363245995,47.39059899374531,695.0538154123306,0.03995527545235913,1,pending
13,622.026973417803,7.72026415269749,637.7521043573412,0.01,1,pending
14,696.2675538714166,22.73702003916075,762.5460388248912,0.025210773960911235,1,pending
15,702.6512018735492,25.553430344543006,777.5534587958565,0.2954774094523242,1,pending
16,778.6477367038179,56.989719311529775,931.341994206716,0.05544744269448812,0,pending
17,833.6898173487966,66.38694754597837,1025.8410369403837,0.10271508557513429,1,pending
18,922.7983903699986,13.135204206626355,948.3544042928772,0.06101634438192591,1,pending
19,968.0081679086672,7.16365043885341,984.579176014895,0.12403500779761656,1,pending
20,988.4710376503433,18.629544096227534,1014.0404911096134,0.2391033257158296,1,pending
21,999.9221193507597,5.768740976723369,1008.0341902802364,0.14635492311108675,1,pending
22,1001.6357094587489,15.257063232907019,1021.586688380803,0.06590797816913258,2,pending
23,1162.2594463041823,44.32340239790469,1264.5334177577593,0.06759746492072367,0,pending
24,1193.0274477329594,6.388549653859431,1207.9589711678748,0.3277940613243659,0,pending
25,1200.64852657777,31.17687157879807,1283.6796108205397,0.11057358728678902,1,pending
26,1206.2562007092477,37.97237264782132,1313.0803905421924,0.22253910344549216,0,pending
27,1216.727741524295,72.18972551553622,1359.378341307083,0.35185560716234837,1,pending
28,1239.2167812413963,29.15150567751002,1319.8524048338622,0.01,0,pending
29,1314.4044183571204,32.17539009641966,1402.1259585917135,0.02871076922508465,0,pending
30,1314.5127407128648,32.522376232123406,1401.8326698538037,0.050940939004776184,0,pending
31,1374.0782577671264,15.588238669141232,1408.764144790183,0.10983550428000256,1,pending
32,1387.2293598196227,5.0,1394.1174087023915,0.015881860730096706,1,pending
33,1405.2810781150797,9.125236076079274,1420.2697839358996,0.20334870276260006,1,pending
34,1418.5446032213288,25.511184517880583,1484.2399073955244,0.010868839928301566,0,pending
35,1489.9558901523994,19.92013379876547,1525.4694258584445,0.2845073207625992,1,pending
36,1528.3820954874236,36.908390157017834,1630.4214390952675,0.01,0,pending
37,1568.7967393037632,38.2773312995616,1651.9356783434937,0.2614454206292805,1,pending
38,1626.2657762441631,21.227157007440603,1672.3791498973353,0.01,1,pending
39,1692.3041459506335,33.12589338607617,1748.3416223317272,0.01,1,pending
40,1754.1455886716328,5.0,1768.761159152327,0.06371491714416272,0,pending
41,1812.4374797551711,60.765793940719355,1990.3244207831278,0.43041038332521586,1,pending
42,1853.103291742489,64.04234677649438,2033.1083353491092,0.0511641245047794,0,pending
43,1883.535781768542,5.0,1895.2891448273333,0.1004455363995909,1,pending
44,1936.5140514311393,5.0,1948.611923275341,0.12412526792733575,1,pending
45,1956.7495659960518,59.64799352798397,2093.7330222142664,0.12797844030172445,1,pending
46,2003.1048927496859,17.434852803700696,2038.5502401114697,0.4631153937192018,2,pending
47,2167.5242332481375,5.0,2177.5402026153774,0.15999172810884518,1,pending
48,2324.208474598618,17.02244252167059,2353.3132447431954,0.050816280823122686,1,pending
49,2344.4542245551306,7.983725527506996,2358.976826958815,0.3079781132586393,1,pending
50,2407.1140214804113,21.109537690619938,2441.5738579823446,0.07280456119935576,1,pending
51,2492.347168318844,5.0,2506.483489976493,0.07868743136661575,1,pending
52,2670.418099284301,117.95331204451395,2885.750102604081,0.2715093346372797,0,pending
53,2672.860070523531,8.88696817534541,2684.742615345778,0.01,1,pending
54,2673.225125835803,27.954958196195307,2722.4491278112437,0.08791857495452056,1,pending
55,2678.3973362062666,51.219302012985274,2762.734759973367,0.05536689804234775,0,pending
56,2739.801221870285,55.99504360419856,2856.6613151635956,0.26374739870348834,1,pending
57,2785.2139295863676,14.074967581444742,2812.1965709021133,0.02743316267784894,1,pending
58,2805.945152350684,74.43192852833035,3015.412278257294,0.6223234185569687,2,pending
59,2912.311892571027,15.447375269968667,2953.610556867498,0.08040965155785744,1,pending
60,2939.7191762144425,18.17051056438663,2988.670511841255,0.029286724316225476,1,pending
61,3000.9756706074986,7.465802180983444,3014.1640910350943,0.23280207810299347,1,pending
62,3010.857677387101,13.987594502469832,3036.6606317800583,1.0,1,pending
63,3037.6768054069744,14.525809865896772,3061.586099107655,0.14641155568451134,0,pending
64,3046.552723667841,48.56646386272773,3110.9175717170556,0.1447009628921889,0,pending
65,3142.865891950492,5.0,3153.6028831093076,0.044557182004872554,1,pending
66,3151.780835669149,10.986251478959034,3174.2012781491107,0.39281534810909496,0,pending
67,3171.693200455933,37.20534194104779,3279.0798001455037,0.1618086576447527,1,pending
68,3204.141787475801,5.0,3212.53205425193,0.35430660491412624,1,pending
69,3303.6393302231463,30.93804703329764,3395.4314337383157,0.025434023105538387,1,pending
70,3357.1783585523517,10.561192510819065,3376.7404518666726,0.05930297011991807,2,pending
71,3375.2610549672113,8.710229332281948,3392.6661687193928,0.15420830795242824,1,pending
72,3394.2923550002183,11.18660909831014,3409.321115315298,0.18492402959351426,2,pending
73,3489.0991843785887,18.43099808362209,3529.678125849743,0.09115573581512991,0,pending
74,3514.422501633816,66.31590712263235,3660.6982165881527,0.3851327487876963,0,pending
75,3596.0003083591423,21.435742325753022,3633.0125191660727,0.06587870690779171,2,pending
76,3669.136780529373,22.152452152513177,3716.8527413045517,0.1743947384370706,1,pending
77,3702.095848384965,7.627220523600115,3720.293765172486,0.2261595146228675,0,pending
78,3715.9857027509984,33.865216872260916,3785.994947179135,0.7183756929669435,1,pending
79,3731.3731953847214,15.566397133791014,3753.0394892523827,0.25847854406530657,1,pending
80,3741.993893213146,7.155377269253363,3759.7672352109485,0.029580492248767257,1,pending
81,3757.855925423025,5.0,3765.294112857126,0.0709785925231904,1,pending
82,3758.684560821807,5.0,3766.463672579928,0.21698710804683724,1,pending
83,3779.4249918870482,44.07510137360601,3897.1706912086847,0.275974182625645,1,pending
84,3803.3715328264416,16.364370012863198,3848.5632034156984,0.1119622186617323,1,pending
85,3820.873547768593,19.080166298862142,3868.447374095452,0.03608512266476786,1,pending
86,3917.1449064793965,46.74771492930405,4009.379947252512,0.02042372548126553,1,pending
87,3955.142617821303,5.0,3962.626778515923,0.33187427851496026,1,pending
88,4053.408530418061,141.109374571579,4313.410009082676,0.051827158052012746,0,pending
89,4059.665758442137,7.406607696378266,4079.536721506133,0.03520794743476991,1,pending
90,4062.704082191433,77.34625687772024,4248.43028735554,0.34114016353052784,1,pending
91,4070.4891191060397,24.223752667809357,4129.673166984872,0.14492384868088087,0,pending
92,4079.2930427650554,53.370413390084956,4223.635965486369,0.13366400523982352,0,pending
93,4155.826772259215,30.031583251459566,4241.69838037807,0.39860317225917924,0,pending
94,4210.096920972156,32.7416339979297,4249.843879697827,0.016541087458889214,0,pending
95,4261.80511890277,58.54570792314645,4340.987334655768,0.03602804165864019,1,pending
96,4262.753807759994,7.862249717980754,4280.683059590535,0.1289273079598285,0,pending
97,4303.660937025288,10.250107672008346,4319.791536163515,0.21692705739944204,0,pending
98,4348.60552642085,82.21231584193154,4455.074604455136,0.021438670501308016,1,pending
99,4368.472742083851,30.83041399612354,4450.11151226241,0.23494862342007938,1,pending
100,4389.6449534924095,38.155041583558265,4496.378734303996,0.03676023750974531,0,pending
101,4429.511191628468,5.0,4441.04945835929,0.2591284325231543,0,pending
102,4436.71306681123,26.17134319891491,4513.483966589092,0.23812538517294468,2,pending
103,4439.0351082494535,36.19846889637425,4486.399469930023,0.017100032717126873,1,pending
104,4461.596004142822,46.09087015866513,4533.351573612149,0.01,2,pending
105,4474.593423538314,72.49300781243095,4677.823922560373,0.036977915221993625,0,pending
106,4485.330115680355,45.451971272623055,4543.797867537015,0.05033307957108263,0,pending
107,4501.6107419284035,29.318419363744926,4577.068208511049,0.01,0,pending
108,4559.7227059994575,11.84504193667508,4578.506834189678,1.0,0,pending
109,4610.025585156563,33.349305743006326,4674.396702412103,0.011800095917669309,1,pending
110,4662.612947348734,27.38915667293986,4727.116127180765,0.25425421292885675,2,pending
111,4696.347136765645,10.214636478998093,4726.649576470736,0.08682973696763452,2,pending
112,4701.192566950677,10.5269109619759,4720.427431309876,0.1099660735609017,1,pending
113,4721.217319568156,82.79683997669554,4930.137413168017,0.12909635281939605,1,pending
114,4749.173426455758,5.331140894699217,4757.0039979076055,0.10463260341247879,1,pending
115,4787.061242542653,39.13686433845171,4886.931550487752,0.038410919454429183,1,pending
116,4819.179411253489,5.0,4828.639560156773,0.3754713651796188,0,pending
117,4851.131964907581,23.647960040250716,4893.134988646759,0.05865395294268656,1,pending
118,4897.457261329685,5.0,4907.7162749546405,0.23507367574499752,1,pending
119,4920.726912896521,103.78898082600094,5138.981750787223,0.02744695084735527,1,pending
120,5006.867871286963,34.46091149537306,5095.1644601504695,0.011160007896800989,1,pending
121,5034.704161621769,56.94143838551029,5188.0349452733935,0.09595263663344193,1,pending
122,5058.165629729291,24.65823849016671,5119.420011033917,0.16939851916161225,1,pending
123,5066.904552140391,5.0,5074.0064698750275,0.02661632211524265,1,pending
124,5130.380316632423,42.27778834965253,5214.604030162632,0.11828447160152669,2,pending
125,5182.933312481761,44.4428783587104,5263.5423868239,0.20727976411451127,0,pending
126,5251.954470944088,17.517983848235307,5284.869437149116,0.06075316541628488,2,pending
127,5269.29556187211,100.52495276885615,5529.610168365336,0.01,1,pending
128,5271.338676866751,94.68793875276536,5517.128807668916,0.024232271455246725,1,pending
129,5273.842072972132,5.0,5282.615819815067,0.1467973564480869,1,pending
130,5298.478121877592,28.75612231305025,5347.263752543202,0.08850061247117219,1,pending
131,5306.271073331074,7.1435340760996064,5315.493673232217,0.10915162247325837,1,pending
132,5341.108349002199,12.784937185453987,5368.9435656575715,0.43923157545811675,1,pending
133,5434.615814403175,5.0,5440.6334725679735,0.01199911598653367,0,pending
134,5435.314613920961,18.636423651584828,5481.39275494335,0.13039804883945638,1,pending
135,5491.539462515409,20.489645196342714,5529.181678894626,0.055653937429255625,0,pending
136,5518.503108389504,14.16190889275619,5551.088852350554,0.027544073363418888,2,pending
137,5563.24223662641,44.268470264186405,5662.202446659623,0.04703336474672515,0,pending
138,5584.491126138762,20.863673067695302,5645.6843134175315,0.01,1,pending
139,5595.528675782176,6.676410911841978,5608.928796183806,0.15259897598293637,2,pending
140,5718.511846188112,7.156407273489226,5739.097445699588,0.15432320557412102,2,pending
141,5786.0653913016895,62.97266653553232,5898.961041914813,0.26487335531081146,1,pending
142,5798.879881701505,14.255030613275368,5822.471290094625,0.36397642710059314,1,pending
143,5952.673784382013,5.0,5967.159783546521,0.09201604409199689,0,pending
144,5956.881584601693,147.29170740870094,6276.691705635165,0.2125057192313579,1,pending
145,6072.18754044969,5.0,6082.657541829331,0.2005990442518423,0,pending
146,6081.014247806312,45.811832998284956,6149.021338893422,0.08144317860584677,1,pending
147,6100.285360785981,16.293851459558677,6122.877656827349,0.08779076157203121,1,pending
148,6107.402402125979,49.36640572149376,6193.316008341309,0.08499687815427964,1,pending
149,6150.576913601027,97.29404508583784,6272.882780241714,0.13429749802251512,1,pending
150,6187.430497399759,40.8113247162656,6292.298803214346,0.18878442635829898,1,pending
151,6203.126805832036,38.8882840585644,6253.923569052657,0.11457942929290871,1,pending
152,6211.748556319666,45.83146226017762,6274.5063607728,0.01,1,pending
153,6264.525631519526,50.55101329460431,6389.999812973033,0.07970691628348768,0,pending
154,6264.970586072279,84.60119551692256,6483.231228211903,0.5156524824199457,1,pending
155,6386.4199253714105,79.48576693676365,6550.6636297737505,0.21079648966390635,0,pending
156,6403.654896601323,33.18645854266706,6491.950833936408,0.2324550424060597,0,pending
157,6425.323189158876,5.0,6433.4268089451525,0.04633209278263758,1,pending
158,6480.961193710917,51.194750613313495,6617.105189266935,0.10257916854499306,0,pending
159,6557.995657718109,26.084523097763142,6628.122851433906,0.056224440772579855,0,pending
160,6593.24049912995,5.0,6603.583867074462,0.367518653208789,1,pending
161,6628.479661831406,46.88640156292481,6715.684202675146,0.010044636801617912,1,pending
162,6665.268161869784,30.393921631267467,6747.39507396037,0.16402068389562338,0,pending
163,6668.934821599913,16.605452951340897,6692.548381857564,0.3624878307329404,0,pending
164,6688.7129459569,9.687189814166583,6704.248453705555,0.2539039068112431,0,pending
165,6736.266560506468,119.2487862710079,7021.067061311078,0.14704860270948025,1,pending
166,6832.056696603348,11.54477621512088,6846.334631757382,0.031941462852952504,1,pending
167,6863.5734132414555,26.34315772970474,6902.360278674399,0.3229125946804301,1,pending
168,6863.731362684923,6.252994251257789,6877.111444844263,0.10762005246993135,0,pending
169,6909.378167789166,27.786113384991566,6959.098120188286,0.31016750572833435,1,pending
170,6989.143729611496,17.62588388209672,7032.508276491214,0.15155348308069835,1,pending
171,7037.396350257106,5.0,7049.0001044314295,0.12001056348967934,1,pending
172,7113.9565663353,68.66166780555595,7305.21899388757,0.024546426023494373,1,pending
173,7161.859565080873,5.0,7170.510895053771,0.6470190729973236,1,pending
174,7162.753139708261,5.0,7174.8091698644175,0.14067072663302704,0,pending
175,7192.780607578869,31.20279786535956,7242.483999908979,0.03856659577487559,1,pending
176,7213.221765238582,16.897380391214877,7236.4141642011,0.011631521468866687,0,pending
177,7213.810447115668,5.0,7224.967259657424,0.07606036746689543,0,pending
178,7226.700737475409,10.42792155455659,7245.14225483042,0.0348434069251355,1,pending
179,7248.083303711076,15.905622548715169,7272.983627777032,0.17962210967624562,1,pending
180,7325.530122175572,5.0,7340.0643009368,0.01411675985541479,1,pending
181,7526.884646206855,86.18458679923044,7759.5770794101845,0.17124932099041673,0,pending
182,7544.398956658336,73.01556772145307,7650.31488856718,0.029095024434677007,1,pending
183,7574.155021582378,8.716689656914108,7588.456152156532,0.055844072377707187,0,pending
184,7599.870547068186,25.714550384841097,7632.032010389175,0.07225620166979481,1,pending
185,7620.807718218041,8.486214634949162,7640.257559750156,0.6316587024095632,0,pending
186,7626.057295075305,21.872845479395142,7669.064415075153,0.06888769730195239,1,pending
187,7651.609734201331,46.10643262460286,7712.911264506593,0.4819732621611607,0,pending
188,7705.931291005403,16.23431255505746,7734.5793542087,0.5478423060495896,0,pending
189,7802.028271301984,82.40943668442083,7996.1421708471535,0.01,1,pending
190,7839.281660833412,41.41354108552178,7913.991826447781,0.0737221492331686,2,pending
191,7876.622728075928,5.185711251752521,7887.731686033605,0.2047108119769588,1,pending
192,7915.357450311309,9.56532284035335,7942.99854770707,0.03248792520399323,2,pending
193,7919.555424118305,5.0,7931.3546989784545,0.28388827203197026,1,pending
194,8015.561283367568,91.81315421927626,8252.5225709727,0.0334059242048597,0,pending
195,8061.388602999716,114.04288565488268,8386.979282644092,0.02671968835440705,1,pending
196,8088.501871382233,24.54674604520295,8142.503027956899,0.08765327398331016,1,pending
197,8107.803402666227,124.58718353038012,8270.678722793598,0.14801056387438113,0,pending
198,8114.7436646923425,6.893854577858779,8129.559910537381,0.2269425174353237,0,pending
199,8168.753685763314,8.499819173554842,8184.971741799117,0.4516819453779715,0,pending
200,8199.531014387961,42.999156229187044,8295.457906499409,0.03765380958517018,1,pending
201,8233.672488737957,16.617497247970395,8276.766816745852,0.2576730133989756,0,pending
202,8287.969372064146,8.415482215514817,8308.09675139022,0.014973546225206703,0,pending
203,8298.157637780245,5.0,8309.095703091141,0.038113857237493505,1,pending
204,8307.043250138528,5.0,8319.611704954585,0.10336568096760554,1,pending
205,8343.096933141496,47.72982314311371,8457.414614959549,0.1962916704095868,1,pending
206,8430.612216525542,11.017372036068403,8449.054156864204,0.13777205363909742,1,pending
207,8487.575316699778,6.697386962499149,8505.442215904914,0.11101071621840243,0,pending
208,8509.022053461065,7.723896190495591,8526.982451040261,0.43516080505619087,1,pending
209,8586.10701368258,5.0,8593.0911205484,0.2785303039666257,0,pending
210,8592.989380191872,5.0,8599.343758516048,0.06414063779032167,1,pending
211,8612.329085770669,18.860465890624305,8654.293622114077,0.10617829221784839,1,pending
212,8684.579390360605,73.31912470704857,8874.006870168763,0.61850659726584,2,pending
213,8713.334425759764,19.413993025940215,8739.578131414028,0.466943239869815,1,pending
214,8756.592840729096,5.0,8769.577704853647,0.01,0,pending
215,8792.699814162464,42.96564972206318,8916.79707453929,0.07396266436909622,1,pending
216,8821.399504007928,8.271215799909472,8834.693849630423,0.10150772508174587,1,pending
217,8823.47413008341,5.621966023704421,8837.030166130466,0.0689135351974653,1,pending
218,8828.027158826662,11.70737252737268,8851.796801608438,0.11732545120843396,0,pending
219,8881.518950914793,5.0,8893.888821188964,0.321769396320968,1,pending
220,8883.13311953728,9.771360559454811,8898.031548386783,0.2143836762594312,0,pending
221,8888.235064390981,6.08338405893947,8895.98687303453,0.14483917221161569,1,pending
222,8964.631810809946,8.223294461197748,8977.042889814797,0.5993330447539338,1,pending
223,8993.586729968976,10.353615061704188,9022.84809534557,0.029442158684657917,0,pending
224,8997.056144699247,51.27395740500971,9104.917783349016,0.012278302408803553,1,pending
225,9006.024048510923,39.683286346432965,9117.364717621285,0.026692726167800336,1,pending
226,9010.182023809703,38.79398471289863,9087.812454583629,0.2102845903326081,1,pending
227,9051.670150092667,37.54534711407493,9098.522253424442,0.02953386623647436,0,pending
228,9058.1232093874,19.104550421302427,9113.153284367554,0.06279929854411508,1,pending
229,9089.353045604841,29.736366721843766,9125.683473709436,0.1862651793357252,1,pending
230,9170.781498655891,27.719728786801603,9239.7401602331,0.3525468388662116,2,pending
231,9174.797169339032,5.0,9183.151475703104,0.8202197381305538,0,pending
232,9198.536378570172,5.098178541835664,9211.267186074783,0.1936890386463884,0,pending
233,9205.841425614326,34.4650133200784,9261.309178890877,0.03633635354229881,2,pending
234,9233.607549138631,32.92907908581446,9284.161928738456,0.1625127449069424,2,pending
235,9245.571864681868,20.349428932433103,9284.152997398613,0.053551039008254774,0,pending
236,9278.929673535786,88.45225742277222,9465.96803826029,0.1235744965757284,1,pending
237,9330.689956424618,89.42890690663124,9543.260605567815,0.47498850860545705,0,pending
238,9334.298851489708,5.0,9347.91860817566,0.06128879003555023,1,pending
239,9357.681663339145,49.89901277589103,9494.41223978622,0.04751265374875894,1,pending
240,9379.370195298103,15.769580932758767,9418.901788231098,0.015646765017578963,0,pending
241,9408.897831041844,42.26031402707735,9468.013724858152,0.368808192866336,0,pending
242,9412.980372972239,9.702979007723659,9434.676998864632,0.018690589914142738,0,pending
243,9488.361229987882,9.420500312367832,9506.515655866759,0.1001362071803467,0,pending
244,9491.116907431242,5.0,9505.114809292667,0.01,0,pending
245,9531.684277492179,44.5747654165609,9622.93069632293,0.11131281119746356,1,pending
246,9575.481957283444,7.005874336204803,9591.548269895848,0.1155793851173074,0,pending
247,9593.670237577755,5.382284667801871,9602.435902829251,0.010387018792448457,1,pending
248,9606.88426373681,5.0,9613.008245810383,0.037360448079874355,1,pending
249,9666.60568161257,34.151285363823305,9727.025715571544,0.06295003236035455,1,pending
250,9690.793288539622,5.0,9701.97252454853,0.06281530075661801,1,pending
251,9712.091833464907,33.83970089704654,9797.86285451661,0.13181054592271363,0,pending
252,9753.361748530568,9.691798095886798,9773.864689627737,0.043538969726543766,1,pending
253,9774.532192366012,69.96438298150127,9955.004922978427,0.10188838865774541,0,pending
254,9820.363323865564,100.96663497449009,10040.89058953353,0.05974411452225656,1,pending
255,9830.599045719187,5.0,9841.492756522508,0.29536396348049127,0,pending
256,9893.919401569894,60.45880673896329,10032.262495858216,0.07499233931665782,1,pending
257,9960.842381424307,31.520072328210752,10041.907362598069,0.07955856192269138,1,pending
258,10034.82812196034,19.40246304277099,10081.881216562038,0.31391258459065163,1,pending
259,10040.494075677081,46.964120533001065,10098.743884058471,0.0199221492581252,0,pending
260,10091.099156588523,57.47444555749908,10246.330799780655,0.07385132089125473,0,pending
261,10094.988286705386,26.332149737341076,10169.52198867923,0.36381240136774645,1,pending
262,10115.596688135425,45.84857632948285,10187.911817719563,0.19655719553565365,0,pending
263,10133.430906395864,5.0,10147.476352530955,0.02422770345260622,0,pending
264,10140.33088038408,32.572241863799874,10215.196155365107,0.22502004526434569,1,pending
265,10151.698487329637,24.060582476710323,10183.150958001119,0.18354790543555502,1,pending
266,10155.171336368483,14.494103610019051,10180.920299886835,0.7182477042164902,1,pending
267,10206.449576984314,26.777209016088566,10272.838159521601,0.11208543700661144,1,pending
268,10207.628987307318,44.086711394569264,10320.214585528682,0.1605676373720568,1,pending
269,10241.91669303093,180.0,10606.889798073866,0.18372449575016958,0,pending
270,10323.354251027366,47.95166973651929,10413.35294067829,0.09164525180429611,1,pending
271,10348.618280822982,104.37535121479507,10479.935397537347,0.061261939441383646,1,pending
272,10383.54407230899,19.97839268996419,10407.570826309231,0.34408409706473936,2,pending
273,10407.985594772173,10.11644017366576,10424.818022910273,0.2574918402774003,0,pending
274,10426.788929393479,9.771207334144702,10450.080758277194,0.25847764362205233,1,pending
275,10463.802206267193,47.17537104708774,10586.8125206452,0.013922193472427196,1,pending
276,10516.21596042348,5.0,10524.976890745116,0.01,0,pending
277,10551.811234629899,20.82021069471575,10591.59048990039,0.12213660059597937,1,pending
278,10583.145328341985,10.648373422804678,10605.233858477186,0.06113767518367774,0,pending
279,10669.924596341356,6.515146039099582,10685.358065357244,0.16786935442052428,1,pending
280,10724.552561717997,53.02342708758011,10871.668881531901,0.18284362968249618,0,pending
281,10733.670923162857,34.894340617693864,10779.103919851863,0.017442870556227136,1,pending
282,10821.87454947119,50.229328347970494,10903.211517225254,0.06590721127579839,1,pending
283,10960.004484524685,5.0,10967.76085224186,0.22402664665363567,1,pending
284,11030.836441701204,9.108637650362738,11049.128981121718,0.024673077973726643,1,pending
285,11088.266105908519,33.98958224636792,11173.610055850726,0.06734022773109764,0,pending
286,11099.15417021599,46.07818663453263,11174.34602844527,0.17660151130116405,1,pending
287,11200.063460494774,39.276064459885546,11315.675827143872,0.039657670267324224,1,pending
288,11209.868958636845,5.0,11218.236277437454,0.019663675273284886,0,pending
289,11321.464024892804,5.578840289384934,11331.513781940084,0.08016295484295059,1,pending
290,11387.052613728736,70.21615671782506,11496.035699592749,0.5350469405402358,1,pending
291,11475.590387629703,49.84613699957081,11614.494050620484,0.39770226192299407,1,pending
292,11505.93607306381,41.980317782748045,11615.91626478854,0.0863895248542985,1,pending
293,11586.442414572024,21.428074696605623,11648.122565488804,0.07128400564039127,1,pending
294,11589.418066264,5.0,11602.282855733272,0.12770103205604258,0,pending
295,11592.636505137345,50.6018761425309,11660.240221012209,0.1456247060085171,1,pending
296,11727.131784444306,8.538837752975967,11751.261544904222,0.017464894511105482,1,pending
297,11729.76014324051,55.55852395654556,11805.286270341709,0.01,0,pending
298,11736.006048706235,8.038714035079517,11750.471555234148,0.14773714655099499,1,pending
299,11743.247117875886,5.0,11753.183087278207,0.03427309596052622,1,pending
300,11776.02001849133,57.993468009653974,11850.306154835598,0.06599397897961075,1,pending
301,11800.797310580123,29.93918748014206,11885.93114822377,0.3037355294340888,0,pending
302,11838.652931228959,67.66875508571704,11927.511204777635,0.27575528413291955,2,pending
303,11842.535180737443,45.41191323919265,11970.795542594644,0.056002611002731434,1,pending
304,11844.465393931649,72.8325832116951,11984.650196386894,0.15080915212550938,1,pending
305,11861.194056090326,16.55875245605595,11893.810943136026,0.11865932870122325,0,pending
306,11874.631135250618,13.198282632493889,11909.30205483609,0.15062030560482828,1,pending
307,11911.808446654995,35.11186277109126,11968.544393941624,0.5238750182813274,1,pending
308,11928.504240461945,32.37983190518305,11978.853342850769,0.20823858903459055,1,pending
309,11941.845625474896,5.724433299686965,11949.368062134454,0.1124745819225366,1,pending
310,11972.570756237565,24.191085865337637,12009.828367675034,0.06424381333821697,1,pending
311,12043.414621719236,87.43524091632791,12193.191698085931,0.025363670843201975,1,pending
312,12064.610625121504,147.0344317884685,12321.060724250445,0.17103409892179747,0,pending
313,12075.913058691223,7.901790880070828,12093.219704530413,0.07323295768606088,1,pending
314,12092.69459516631,97.77473673589365,12286.195744044842,0.13162332275707628,1,pending
315,12180.283427867076,86.88544162087767,12439.256064042062,0.01608072630822965,0,pending
316,12220.055619007948,53.93104078802224,12321.867160374393,0.13551680304784158,1,pending
317,12233.517340939896,14.102416755993303,12260.622315266595,0.02594913525036772,1,pending
318,12245.831484145352,25.512734385067272,12301.553559090777,0.03148890369377021,1,pending
319,12280.407537364654,23.408930573227174,12349.500947992665,0.1879789719745383,1,pending
320,12283.708404021294,19.674533774856137,12339.760190117988,0.12846090691624767,2,pending
321,12299.009548298587,5.0,12309.9371351289,0.02994575542450995,0,pending
322,12326.622991545797,43.76657597967746,12455.336709445335,0.06713504394676022,0,pending
323,12328.351959133706,17.123526404582528,12361.891701402035,0.05038385563330233,0,pending
324,12342.639378052558,47.4225932379906,12452.276192957943,0.01,0,pending
325,12366.871980750206,54.75446246498417,12451.01638366276,0.5805685574630165,0,pending
326,12422.573211918192,14.180045953903678,12455.323578847623,0.012152815650865836,1,pending
327,12455.446482026302,12.678182729932985,12488.97060345613,0.09728588108697984,1,pending
328,12512.33908207942,70.49139648993295,12669.904919259825,0.395860209782003,1,pending
329,12561.703989107918,121.5556381035354,12806.882951897302,0.12491538744701805,1,pending
330,12577.186115108752,54.03986912125889,12663.582864379612,0.29667314130324546,1,pending
331,12578.892397153135,26.888771680860316,12646.272976660784,0.01248344257619569,0,pending
332,12582.476904725,43.59709654475053,12659.182352609076,0.24539213906247423,1,pending
333,12590.557204260373,21.348656042882,12626.728356072994,0.45787618111140627,1,pending
334,12593.021354837594,43.453059668154744,12722.260962847162,0.06799437340437077,2,pending
335,12598.065620673611,31.427849638709418,12670.376690855612,0.17449985965679043,0,pending
336,12717.231503527028,5.0,12725.856977441925,0.36009184082993084,0,pending
337,12720.778445306387,16.540057870161814,12769.226898430887,0.036024988555477505,1,pending
338,12772.048103598583,178.84521528554546,13211.228576056756,0.22468006931563259,1,pending
339,12786.789395914291,15.168236407008873,12829.755164094146,0.11827136139632874,0,pending
340,12836.38836533618,34.27113088233955,12883.362258411238,0.14982075845939224,1,pending
341,12910.845248350997,63.37853226312602,13007.238279863379,0.20075479064086854,0,pending
342,12980.329683618049,5.0,12994.665510767112,0.610451738136338,2,pending
343,13068.954396599029,13.117036656857925,13087.222925488331,0.16119468759599784,0,pending
344,13069.029066754512,5.0,13079.371443286187,0.047572641888960335,0,pending
345,13072.278543574776,19.235949108722032,13095.994466873839,0.01,0,pending
346,13094.083028244124,5.0,13105.655215074548,0.12317876263579486,1,pending
347,13134.504753672372,7.964234829580671,13153.331867381017,0.32339300749406436,0,pending
348,13153.272549798892,9.743749870528653,13179.557180847569,0.16293252580080528,1,pending
349,13184.95374518362,5.0,13194.330094246085,0.10631748307527261,1,pending
350,13199.161541236714,39.46939507133348,13266.923980315676,0.60881856877846,0,pending
351,13264.211181164776,34.611676959930435,13328.971865325155,0.015309068207575039,1,pending
352,13279.857105318823,6.003609951465011,13292.330769501803,0.10238906611278857,0,pending
353,13303.062412380876,43.7941926259309,13412.85961776936,0.03371041753817411,1,pending
354,13339.113538838292,27.112833236362704,13372.655346522162,0.07626113229621123,0,pending
355,13344.376419161457,43.33108524121168,13427.533775089492,0.2708144886551269,0,pending
356,13406.805247272068,112.08578683316304,13663.816015699293,0.023498786656187914,1,pending
357,13449.139747848221,14.325459120432097,13466.574834940382,0.1384693302495164,0,pending
358,13493.353408643166,51.70651531120826,13614.030838421377,0.23132734279080658,1,pending
359,13530.971944369037,48.268729924536096,13662.833553445365,0.04652264940532627,1,pending
360,13556.859606675423,61.50079849063386,13703.06971061237,0.05131557654395311,1,pending
361,13571.09057450618,130.97211690161956,13952.262433977556,0.12815274610787908,2,pending
362,13573.078439691659,55.58512818492434,13665.94396192883,0.08068764727826128,2,pending
363,13661.932686419847,6.0991895305577914,13674.961682123447,0.10277727725378615,1,pending
364,13720.176128204868,7.17869203972654,13737.48426374593,0.01879882365908214,1,pending
365,13815.413824953104,5.0,13824.877969671066,0.07910036990529583,1,pending
366,13820.149867462218,11.558432776778089,13839.38661276115,0.06204947067413296,1,pending
367,13821.790853588574,5.351400707827817,13832.098798929974,0.3524568094456812,1,pending
368,13875.89826354041,7.624590444376778,13894.441358903434,0.022935008646815122,2,pending
369,13934.373016873482,13.104337223080062,13957.674030278442,0.41476308590728667,0,pending
370,13959.861599608426,16.757547513556183,14000.79758517163,0.13837001803922316,1,pending
371,14031.146825795522,5.0,14045.602689854797,0.06366721319196515,1,pending
372,14088.01735480123,5.0,14096.721348162828,0.06133824959155384,1,pending
373,14100.9157166872,5.0,14112.495513344618,0.06387256811511219,0,pending
374,14114.679433380268,29.757483075270727,14150.749461043048,0.6030113962964314,1,pending
375,14117.508796656764,5.6085567154853715,14130.895276135128,0.18870327503955292,1,pending
376,14117.738607337269,5.64807686634984,14125.652026778103,0.024833328854777386,0,pending
377,14122.618585303344,8.503461606156934,14135.397738872027,0.16812842097203154,1,pending
378,14254.947148076286,16.384942992869842,14290.470111980452,0.01,1,pending
379,14268.689464006802,59.252221597067305,14357.984268166996,0.06697877232866256,0,pending
380,14301.849308899467,5.0,14309.080447111302,0.16440208460094624,1,pending
381,14302.428711761224,35.386894978014865,14388.013257449562,0.12049011348049393,2,pending
382,14365.225141397455,91.42445269322658,14558.397594444516,0.08951528011899243,2,pending
383,14367.554949313213,8.532445099215328,14379.312054159063,0.1191623884978945,1,pending
384,14369.885866472185,11.345284265132383,14394.201598072337,0.03462327024034061,1,pending
385,14390.886135311586,54.63676170084319,14554.766642143451,0.058380497382448424,0,pending
386,14482.709320228925,55.41707586690062,14636.290821381384,0.8310120567647424,2,pending
387,14491.155160810207,12.58936107387123,14523.39493466492,0.038972881590138835,0,pending
388,14495.679194672563,29.408562131097813,14568.280600924452,0.20270899803535605,1,pending
389,14524.971541264034,6.9644757409848665,14543.968583716869,0.08196063033476951,0,pending
390,14565.528555417726,7.3145308014193136,14581.449041021353,0.2985576813281348,1,pending
391,14586.726809847898,102.41745614305768,14847.56093240144,0.01,0,pending
392,14657.016174016688,5.0,14663.702639894638,0.016006504375236166,1,pending
393,14660.254526623738,14.488287344848306,14686.468010574741,0.018102425993197564,1,pending
394,14667.35413567052,64.17201454188572,14815.448362400963,0.23878634855748945,1,pending
395,14775.861882403771,13.934935084453508,14802.873706566405,0.057325554832710096,0,pending
396,14778.246579869268,17.310384408256795,14818.037598240942,0.10188190997504967,1,pending
397,14846.309049195814,54.589403023671736,15000.264840558963,0.09514229207898202,0,pending
398,14905.279714106535,8.223158875982195,14929.137946138171,0.19922569296941528,1,pending
399,14909.117663578385,30.660129800202572,14987.047886628605,0.011853523727124725,1,pending
400,15029.346551666762,5.0,15036.724637539992,0.02392868329195041,2,pending
401,15074.338550298544,16.37651505703317,15098.630282949436,0.28916331857389105,0,pending
402,15100.637250384547,25.889390564163186,15148.865855977663,0.010824735345434133,1,pending
403,15189.140250340257,26.823242580870925,15226.954560044978,0.20393048504754788,1,pending
404,15247.817026243449,48.699731046886754,15353.941398925077,0.024307772110950962,1,pending
405,15255.348846195417,46.37456494156455,15336.69400777218,0.037780293375176736,0,pending
406,15258.553088564024,19.077872712730635,15313.13036541287,0.0529394290327099,1,pending
407,15266.195526334059,70.79959463478862,15357.992578413076,0.013082861513869523,0,pending
408,15287.674378489797,35.97563065180806,15343.187179419736,0.057105780734830525,0,pending
409,15348.160911964236,5.0,15357.15114638643,0.04937147273239306,0,pending
410,15376.59547274747,39.99257789808658,15475.122871294345,0.46492136934884226,2,pending
411,15418.830366424665,38.66650279319827,15513.58928043484,0.17772550548529759,0,pending
412,15486.503320443859,64.35909678028892,15598.052187990032,0.05352098057389769,2,pending
413,15512.986212150881,40.552592349247114,15578.343578121028,0.3645968715312452,0,pending
414,15552.818994891293,22.957457253514413,15592.77013296884,0.22448331620299214,2,pending
415,15594.402054262715,11.232977444125481,15627.358497690217,0.6110861121325573,1,pending
416,15637.060045544215,32.97003270420588,15683.36780829973,0.04581762081349366,0,pending
417,15704.456035229736,21.733994211651424,15763.846465397237,0.03066418618234605,1,pending
418,15764.566222079326,5.0,15771.236519428026,0.1060770466011018,1,pending
419,15770.21483633926,64.80678783190304,15852.924281348882,0.03579979656859527,1,pending
420,15793.61081222498,35.45235201525274,15888.855476837918,0.24707060035373296,1,pending
421,15833.420079221221,46.123015399247706,15899.543862481438,0.07593482402952184,1,pending
422,15889.662046700754,125.48477576732068,16263.606380945217,0.13835665497268593,1,pending
423,15894.948024472871,37.06051988770935,16002.87977803008,0.08965587719653571,1,pending
424,15907.544171747935,5.0,15919.56471162758,0.48321550855279594,1,pending
425,15931.591483457234,35.84108648025502,16026.426210806672,0.08242166382092693,2,pending
426,16027.562321198962,5.0,16035.082259977928,0.6081661747449953,2,pending
427,16095.312422986855,20.388236575699764,16120.219448423059,0.46639321095416364,0,pending
428,16101.997687387617,20.66150499002979,16157.892908007412,0.11926308026330656,0,pending
429,16104.215229488345,5.0,16115.755355727533,0.8928525174562902,1,pending
430,16153.993130604022,5.0,16167.569278381658,0.04027622006784619,1,pending
431,16187.977880308992,15.019636880255408,16216.077775316862,0.3435943196849474,0,pending
432,16287.257808183143,21.064801572163958,16329.490917786354,0.2555829843096622,0,pending
433,16311.504705207282,5.0,16318.282812043139,0.01,1,pending
434,16352.195477612537,34.940918934787305,16427.182499839982,0.31314782455800744,1,pending
435,16360.181657909887,20.706518485511307,16393.29708004342,0.24532676484876087,0,pending
436,16420.70650186426,10.457965913253563,16450.869802284993,0.0432371124047008,1,pending
437,16445.224162431434,5.507614222558044,16456.723968316055,0.01,1,pending
438,16517.13682857554,5.0,16527.60095948284,0.03633115865223295,1,pending
439,16521.195671158053,5.0,16529.860183360935,0.09733146886891066,1,pending
440,16535.735519502054,15.040554344398997,16557.45174927736,0.13000899717154857,0,pending
441,16539.672817221533,37.17069783231149,16629.476126347505,0.0750723751344286,1,pending
442,16575.295750779944,5.0,16585.79113174136,0.3316811521915295,0,pending
443,16589.861941375726,18.97414356522441,16619.31409824942,0.01465073987471353,0,pending
444,16651.265079596964,86.43283234932585,16870.58121222473,0.056305936986532606,1,pending
445,16691.87705597486,10.501724043080982,16721.40153233704,0.0293234640058346,0,pending
446,16718.935821636504,22.973942082605074,16776.01016274422,0.0757241352095877,1,pending
447,16784.039824359097,5.0,16792.08965368257,0.34812478996008706,1,pending
448,16820.38834333412,22.214646767189063,16879.652450104975,0.1216834095409925,0,pending
449,16820.4023063043,86.25969837564189,17065.07288040806,0.09892438121198877,0,pending
450,16837.088313902153,11.49382496124422,16863.328760163156,0.1685376842240086,1,pending
451,16925.793303945386,20.69588294293988,16981.260542598422,0.030377755865527465,0,pending
452,16940.625969500103,12.212524920244586,16970.369298468606,0.042490545870750226,1,pending
453,16946.731771085946,17.386238761228046,16997.75552037841,0.14747518690649178,1,pending
454,16967.360776935355,89.31157572944063,17190.674951984056,0.19346597523347805,1,pending
455,17026.452666977464,26.884143040543837,17065.595319794385,0.11000611872562258,1,pending
456,17053.674583761236,8.73730020748692,17079.86560745964,0.04658364824698734,1,pending
457,17085.061131275037,7.867676005278268,17103.337661434773,0.10729321778144811,0,pending
458,17093.143150217205,5.0,17100.308948828137,0.2499353242761202,1,pending
459,17094.332656830167,19.83155116433333,17123.342792993728,0.09389130350636553,0,pending
460,17156.746188858222,8.756690685401963,17170.77847595745,0.47453488851433695,0,pending
461,17187.321993663045,13.48366319181009,17204.629299971864,0.5276260057912109,1,pending
462,17202.6853329932,47.51889131396249,17281.46899144416,0.07886343862788638,1,pending
463,17208.819567500675,59.478064953366456,17318.458121576252,0.12569266635397133,0,pending
464,17223.602030626775,22.96230340754441,17267.743159642363,0.15304028966397887,0,pending
465,17225.97015964573,19.233196990770146,17249.784990446093,0.25261056719155683,1,pending
466,17326.12151042529,5.0,17336.298319803314,0.13008965752815232,1,pending
467,17382.29738505245,36.674905009026034,17453.425934100782,0.19951460404403862,1,pending
468,17442.73830769102,5.0,17454.619317625456,0.26259746085020064,1,pending
469,17514.931452690693,66.06698560132247,17663.13421583003,0.05629026724278845,1,pending
470,17526.697430039923,5.350717174546118,17536.446467526283,0.11647096207754157,1,pending
471,17534.915395086842,6.557004615960198,17554.025960966115,0.3411512999015818,1,pending
472,17541.873002263856,5.0,17552.93065844793,0.23360425174429417,1,pending
473,17627.64469637185,8.44670450309289,17645.746095773113,0.07812934406030914,0,pending
474,17633.88497255132,6.565070214885194,17649.02748616913,0.7598946625967338,1,pending
475,17642.002203279753,13.637482825111034,17671.926689298572,0.05959210713751109,0,pending
476,17680.13061262997,62.85459783808749,17853.375789080415,0.02954342820964421,1,pending
477,17698.049675561157,69.06221898066904,17799.75868834274,0.015045989508083585,1,pending
478,17705.082310540387,31.747262682371364,17765.231543993894,0.11348993367260776,0,pending
479,17712.92980708118,31.71582971260169,17754.005201041688,0.05199875687976674,1,pending
480,17796.778139873917,18.535977137016243,17827.915937078058,0.01,0,pending
481,17806.800199093675,5.0,17820.01592991246,0.3635210981981187,1,pending
482,17847.411321514293,5.0,17855.654679129915,0.1584404604611137,1,pending
483,17953.25907216697,92.55118742213708,18114.229787049062,0.28987438609475286,1,pending
484,17967.82772287137,21.158089517700272,18029.647546258893,0.021972289921645623,1,pending
485,18001.40898427656,109.11412177023057,18218.95652265194,0.45844465405214124,1,pending
486,18027.61570250762,18.412906568414503,18067.279825446185,0.24504038842735795,1,pending
487,18054.90893919954,38.471925563137134,18143.982448954484,0.08093007425455612,2,pending
488,18104.192497960597,47.16980876502716,18241.30621694294,0.01,1,pending
489,18126.680782030835,26.5906806243406,18200.038238936664,0.15881323001305178,1,pending
490,18279.800122167842,48.40778463877355,18415.879729010965,0.20851585175748916,0,pending
491,18294.66482597464,37.87109616452567,18405.874913339183,0.2989176577935673,1,pending
492,18294.985677363908,50.68332243045667,18363.688241160624,0.04097417852145057,2,pending
493,18337.38487987462,24.40904776134417,18397.851172873605,0.05419173412872703,1,pending
494,18363.469700528432,5.0,18372.26959320977,0.2211241064494648,1,pending
495,18367.25211302847,62.96509954344505,18546.27615684544,0.0714314299083257,1,pending
496,18385.24435810635,13.982192512397573,18412.25898100087,0.0706949429629617,0,pending
497,18405.81013720679,32.9160931366868,18466.539732335696,0.01,1,pending
498,18406.612448537257,17.342346777434344,18434.420445822765,0.01,1,pending
499,18410.039646275964,19.09410039527769,18440.03109740465,0.090425187869546,1,pending
500,18434.553690530607,9.761517632907069,18456.875118298387,0.704549848343817,1,pending
501,18466.62388645871,23.77125752548463,18522.82894846805,0.37750745238056954,1,pending
502,18497.33444654038,14.052167255242194,18518.40970725715,0.04985951232269201,1,pending
503,18569.832293555668,15.464842250282281,18606.34527829668,0.01,0,pending
504,18584.378838774675,57.59798997807833,18661.385574563177,0.3463737206073283,1,pending
505,18600.360693464216,89.53458518308253,18867.369393010908,0.24872348209468823,2,pending
506,18626.312807037953,5.0,18638.66831042698,0.03409557096712974,1,pending
507,18716.683551374437,68.22804551166872,18837.439732297218,0.05935602612884726,2,pending
508,18856.5117239483,74.90450539236667,18948.1810506823,0.03234443125190241,1,pending
509,18934.727633370316,16.44192693897338,18975.196128762782,0.15643385691601006,1,pending
510,18992.69646154865,33.20646042858529,19085.144564055816,0.019350747095462487,1,pending
511,19041.594590004162,22.154486409822766,19097.11062778288,0.15163902854188124,1,pending
512,19149.976089456315,17.843293576227296,19171.93772679206,0.01,1,pending
513,19182.86681060133,5.0,19191.955860376846,0.01877555840045412,1,pending
514,19199.869956446222,16.65807886481392,19225.216149345935,0.22655173280737398,1,pending
515,19232.101975956964,61.551900338749135,19349.13463660332,0.107410721466202,1,pending
516,19291.269183872075,92.0466642902612,19490.450245666918,0.7969603206998814,1,pending
517,19356.598211558965,5.0,19370.358249344335,0.10313531612807235,1,pending
518,19404.420313953648,5.0,19419.1703204266,0.5030665078391714,1,pending
519,19438.918253763266,14.499759434054553,19481.220659978113,0.022799637302766594,1,pending
520,19468.004231559946,34.193356003134454,19520.849111880467,0.04248325248609643,1,pending
521,19557.935724424293,45.333618284431935,19643.12867961762,0.01,1,pending
522,19559.517520812868,16.0452731827809,19585.358830829704,0.1724842175736548,1,pending
523,19593.689603719846,6.486851615244301,19611.308258248628,0.04661047162774583,0,pending
524,19631.58623603069,14.9781912904371,19657.59536118193,0.1548913884247281,1,pending
525,19656.509150444585,5.0,19666.81204479887,0.06107231211845922,0,pending
526,19663.052355400167,64.66065403178064,19749.189513410154,0.2655247069598185,1,pending
527,19700.835759984435,5.506166077623126,19708.321061229,0.0339077021268912,0,pending
528,19743.581736882577,5.0,19754.270592416397,0.6661385621002905,1,pending
529,19762.041091163122,5.0,19772.191246306997,0.07318123498746563,0,pending
530,19768.282450727143,12.447578389560558,19790.655161744537,0.3380874641828877,1,pending
531,19879.577869720386,5.0,19892.552117206807,0.043740096767043095,0,pending
532,19918.037773855423,14.50095952948138,19946.40556367936,0.0545186313781942,2,pending
533,19940.471959484727,5.0,19947.50093712419,0.0531013018268399,1,pending
534,20044.680092652463,51.74698701216924,20119.31631278755,0.20359181215831776,1,pending
535,20082.489577316897,10.226989330304546,20111.025300150424,0.08387860653673027,1,pending
536,20141.919122830626,5.652240531973895,20158.73182539544,0.0291532639981103,1,pending
537,20145.130443163886,25.153501029161887,20201.089830821704,0.06997668848535901,1,pending
538,20184.43891578256,90.77868910567628,20431.263830491025,0.2656343996987951,0,pending
539,20200.471827196823,109.66558657131738,20422.30302574335,0.015335771747165926,1,pending
540,20206.216239621277,43.503352727484746,20288.24018603479,0.03167208531981243,0,pending
541,20217.630286713138,19.805728173251214,20274.399328369844,0.028194881830467033,1,pending
542,20338.161611423715,56.65448482845977,20448.794727153723,0.022066673946895127,2,pending
543,20353.00255796544,56.59179252837207,20519.683304723476,0.051642247958807425,2,pending
544,20363.575432944664,10.852184262028903,20384.22695260644,0.252406460280147,0,pending
545,20467.60873348154,5.0,20475.624342447176,0.18357521867180493,1,pending
546,20493.964178199072,15.608074741386243,20521.973369674808,0.3086906295626251,1,pending
547,20508.664967451397,74.78837760161032,20726.028052949554,0.047731611456327955,0,pending
548,20516.500247521257,73.08781815064907,20701.159397306998,0.025123468712956728,0,pending
549,20622.162963476505,28.26903479825488,20657.42583309652,0.18484460550462328,1,pending
550,20634.496303606305,39.67903307326834,20738.487483113608,0.02840646736115864,2,pending
551,20635.069345411983,29.686006043758045,20680.249725792663,0.43963242964412796,1,pending
552,20691.370584539123,33.718889932501455,20737.618959655952,0.03105957202856071,1,pending
553,20741.314361141347,32.67115673454247,20808.551826906172,0.1999401503242112,1,pending
554,20758.161003482986,9.888006647804211,20781.736498820843,0.029212602145695404,1,pending
555,20760.154191119436,23.538818516240497,20828.982620707688,0.14841885027815044,2,pending
556,20771.94484401353,5.0,20786.843703253162,0.025594465272570623,1,pending
557,20847.29113674752,37.9827984929297,20929.27906103641,0.05229765919177389,0,pending
558,20884.763451509563,5.855292300891772,20893.662700984354,0.29321202695553794,1,pending
559,20922.896267719487,61.88638694481297,21048.975048379707,0.016408872121545466,2,pending
560,20929.16121310186,64.66768232298772,21063.452041234694,0.08664164616820098,1,pending
561,20932.013204145464,15.694893783514036,20961.159022324435,0.11198390360552586,1,pending
562,20939.15917484317,27.83126209284614,20995.923203785715,0.3404424334294052,0,pending
563,20981.38553508407,11.466870363237408,21007.08234828429,0.0534913676716519,0,pending
564,21053.19733285733,41.993551432953964,21111.308764323527,0.0313674214563257,1,pending
565,21207.81219026218,48.46389230918083,21281.950104380034,0.1474232239085026,1,pending
566,21234.495352256505,105.44118201447706,21460.26633855744,0.031126788336151998,1,pending
567,21258.81096360176,11.600377236099936,21289.92578007005,0.06500121559079969,1,pending
568,21344.51706758616,38.567566210372846,21444.763047072658,0.10432735165898112,2,pending
569,21407.231868945593,45.865252419891625,21488.432877172763,0.10890004128976971,0,pending
570,21464.518568172763,34.8042535851687,21516.813061266315,0.04795270403888612,1,pending
571,21504.821631858355,31.669739607160846,21580.184471206005,0.10197620841491367,1,pending
572,21534.24287107576,47.62814349628246,21632.7235273537,0.31970153582431554,1,pending
573,21545.623277134768,39.94321351709214,21616.180996767063,0.07544201367708828,2,pending
574,21558.497915298107,33.050311125791964,21651.36977585997,0.029531619161114298,1,pending
575,21567.125099880384,21.687386820438526,21597.786986713218,0.04916214366372201,0,pending
576,21575.27219030681,34.74908788583365,21621.83326957943,0.16286562597102996,0,pending
577,21582.143414865743,69.32188131837266,21786.28710252936,0.03662294441836872,1,pending
578,21635.29626165389,41.456876252681006,21754.172478258133,0.014372482488362348,0,pending
579,21656.665434600884,16.034273332227887,21702.442284110984,0.03399510130466354,0,pending
580,21662.093961125236,81.43443275527498,21837.09213750337,0.01578625882997383,0,pending
581,21743.47839940075,17.92841895556153,21775.52132746972,0.04973551448105786,1,pending
582,21763.098741847858,23.39225155646638,21811.531623086903,0.09865749604731566,0,pending
583,21849.604201989874,5.0,21862.82506561912,0.09850473289652124,1,pending
584,21875.457222084984,51.595305445323774,22013.95297093829,0.057218785808328884,1,pending
585,21899.466866706538,5.0,21913.66807780366,0.2145022661235968,1,pending
586,21938.89765928365,5.0,21951.21320258968,0.01,1,pending
587,21968.022165663704,5.0,21978.754574820086,0.01514509852044571,1,pending
588,21983.302383391132,100.00884457953468,22264.216847694097,0.15739278226242984,1,pending
589,22030.034659312932,5.0,22038.958176633198,0.06971611854404396,1,pending
590,22071.625775364355,19.66859677260132,22101.207840032097,0.1292390084221571,1,pending
591,22096.307006868403,17.168833725049033,22146.184778633386,0.4127890980992993,1,pending
592,22179.17090925071,25.00498183178896,22238.178385640444,0.022239587987661482,1,pending
593,22198.30892007335,7.581930719204028,22219.699728162675,0.18017946076162786,1,pending
594,22278.58418453634,6.300534554502455,22292.61155952789,0.4094552503409746,1,pending
595,22293.84263845083,12.701439247653642,22313.332700727155,0.427162225830828,0,pending
596,22306.499827192623,18.5559644686092,22342.70317441855,0.04670755239460739,1,pending
597,22314.49885329449,66.65374631123439,22495.937694690183,0.07737331265600518,1,pending
598,22339.467560238565,5.0,22349.48742311312,0.029924677233809018,1,pending
599,22344.060173022008,5.0,22353.598015529067,0.015650312411901426,1,pending
600,22431.456473827093,94.72249261679991,22553.22891859877,0.07696664181850459,1,pending
601,22434.21970834488,5.327282305623137,22447.217533368796,0.012313580955011756,0,pending
602,22441.839771194976,23.743021487098023,22503.37177472161,0.44953945367276976,1,pending
603,22474.565277560392,35.9723005938385,22524.17414361503,0.01390293450885309,1,pending
604,22507.03264258729,39.45808809565457,22569.67602424006,0.08892451759405338,1,pending
605,22518.701505897574,112.6776429182151,22820.207975221616,0.28119946317881517,1,pending
606,22573.52217727711,59.14882058351785,22710.462439076502,0.20434796368425198,1,pending
607,22603.654753561845,13.33994544932603,22643.63728085486,0.04919691603662374,0,pending
608,22630.737416037962,26.748485288539882,22676.416099159673,0.017829532662459516,1,pending
609,22673.448916291847,25.151141643622697,22719.627106711167,0.13127925253123485,1,pending
610,22763.86092155662,24.539447739788457,22817.260284043827,0.019738755036110507,1,pending
611,22770.47561671082,17.404240761229858,22816.798867332953,0.05678189178170382,1,pending
612,22841.401023154955,17.60051947816445,22878.16669307261,0.2978722577821319,1,pending
613,22928.916246696994,31.978525090600417,22973.0582694997,0.3005621797243997,1,pending
614,22949.268234750507,53.52552263739099,23086.10959290663,0.09412021416926568,2,pending
615,23013.46387943852,42.50822203542375,23101.104598894755,0.2001256262861376,0,pending
616,23053.62030268408,63.635459978880604,23231.98889677893,0.09092947871362145,0,pending
617,23105.682757964063,58.842860901381954,23187.040267597262,0.01610762051758984,0,pending
618,23134.438940152617,23.839915920956983,23191.01869687331,0.024907085406526086,1,pending
619,23256.31386861112,19.17000142134831,23282.573948773814,0.1382329902968426,0,pending
620,23324.25442443663,57.9501082883298,23470.73781975107,0.07129260449131622,2,pending
621,23349.75573590677,152.4661783422083,23714.65044214953,0.2533114867898091,1,pending
622,23368.445706156843,33.23238109529712,23467.509750116344,0.2583572052556492,1,pending
623,23433.84687317404,21.983048012233848,23474.74376666894,0.17192863483265625,0,pending
624,23453.986317103,26.764177882973275,23516.422622666796,0.06301337546483904,1,pending
625,23499.488266460878,16.796716850422236,23536.517868939914,0.27421690881908567,0,pending
626,23500.943586238496,43.17932695319181,23561.981043711567,0.042265785796020965,0,pending
627,23520.378907301085,5.0,23526.450552412774,0.038113009208761435,1,pending
628,23572.26176893987,48.18145210087025,23708.54521218118,0.07457992386433054,2,pending
629,23612.079346190836,24.84829924979415,23673.476876701658,0.4584392638492834,1,pending
630,23625.514081246438,73.23205745579185,23720.931508278445,0.042785927330479694,1,pending
631,23659.94907066283,5.0,23671.497952451733,0.18593653436779173,1,pending
632,23706.97259450845,11.057368880510484,23737.235877096664,0.09044463212038138,0,pending
633,23714.618834014826,180.0,23930.748334413765,0.01739409288559357,1,pending
634,23772.27646667543,10.777200195679656,23785.70392779163,0.22872278630888332,0,pending
635,23786.512174567095,5.0,23799.252991266738,0.01,1,pending
636,23848.277336888455,8.739751587760658,23871.999629487484,0.4526822482160953,1,pending
637,24019.989543113134,16.060022660728784,24067.300605449498,0.14787865065466385,1,pending
638,24059.512892464416,16.127160341965673,24102.169915669223,0.0525035356184342,1,pending
639,24080.183610345855,9.269061474155391,24102.260529515246,0.0742643392792082,0,pending
640,24107.68402181715,5.0,24114.286699934757,0.2325640072514,1,pending
641,24136.98664852432,33.80208846029,24202.604506705364,0.33983333677285815,1,pending
642,24144.902792958088,15.872577606555595,24184.243482075908,0.3597245004006484,1,pending
643,24159.946163299624,55.11189324777686,24276.782748566657,0.17121374845897294,0,pending
644,24240.94803470548,16.015959153284008,24278.825055945472,0.04467045522502201,0,pending
645,24305.205652449567,17.114196484941964,24332.197860698117,0.01,1,pending
646,24320.73861800417,26.641293173370013,24394.161297923092,0.01,2,pending
647,24335.910165922363,6.5457900433256615,24349.187208576663,0.1644458103157441,2,pending
648,24372.555606552658,5.634348963595357,24379.891814520506,0.10979839473921889,1,pending
649,24389.12769886692,51.229672114770814,24453.852436536603,0.06447199649125986,1,pending
650,24407.580877148088,32.676028290647366,24454.481944179188,0.04036767427336304,2,pending
651,24460.360340138068,23.003336520309,24527.433861050362,0.05081317568336568,0,pending
652,24578.638736977406,20.05524222665718,24617.142306248206,0.34153273656262784,1,pending
653,24689.705726705488,5.0,24700.801055027554,0.280737036939698,0,pending
654,24766.352098710417,132.9808510464755,25093.179920321167,0.07168976022786865,1,pending
655,24767.674099949818,15.921889665333971,24796.859369448226,0.13880467860183127,0,pending
656,24788.970433457856,40.3437227551591,24896.891570710148,0.08083056164945111,1,pending
657,24791.150170391287,37.838366522995955,24898.959269475854,0.3804138135632907,1,pending
658,24796.126960204856,36.524814348081094,24881.829659253206,0.11374122544848901,1,pending
659,24818.836299474046,6.0707447194398,24827.47213644667,0.09974548918893862,0,pending
660,24833.66311875303,5.210756615504548,24845.327917815324,0.1556428459987566,0,pending
661,24855.906334080613,22.372119307621617,24884.21977421473,0.01,1,pending
662,24875.1402558414,5.0,24882.523068086295,0.6890249889126471,1,pending
663,24946.82919876136,12.670481213034009,24968.69277387877,0.01,1,pending
664,24952.791077586007,30.262082807302125,25024.631549737212,0.028937386012838455,0,pending
665,24969.10801087173,75.48877698043181,25168.465445111997,0.03926693209464889,1,pending
666,25038.905234251477,19.957191118533675,25079.320612657186,0.0642763894991405,2,pending
667,25059.971699551515,51.05230592992133,25131.275233772394,0.08050211072584759,1,pending
668,25066.101172406252,16.760121393614206,25100.353934539122,0.29637036640800807,1,pending
669,25073.71300128842,7.383418506359289,25083.94096825133,0.14427500847152924,2,pending
670,25250.281803878424,5.728803961446155,25257.92905684667,0.08343863536037598,1,pending
671,25273.81647985287,7.440245047004125,25287.582346196246,0.04510721050332004,1,pending
672,25330.426610046,5.0,25341.46973487232,0.01,1,pending
673,25336.967679608773,101.77487371168529,25521.62749540113,0.17819400954073952,0,pending
674,25342.565434130185,49.87928665302039,25427.47936469912,0.2071892822629758,1,pending
675,25383.28223418937,53.58898603155631,25470.866519996664,0.7338214144501491,1,pending
676,25391.61508305438,5.0,25399.5680873765,0.22713331256914657,0,pending
677,25408.68955546493,6.475023353822144,25424.597831549017,0.29020293130149216,1,pending
678,25414.036581693443,95.98269234720856,25611.151008570858,0.5316344111731534,1,pending
679,25417.53035614836,15.911585541643344,25442.87163213049,0.10820788078289843,1,pending
680,25425.013785065596,31.479517071707708,25488.7388407981,0.12554308698075237,1,pending
681,25442.28507212453,16.156656169500298,25476.934176759452,0.45735626179578925,1,pending
682,25478.109172270626,20.78428627916124,25512.52220014867,0.213286130215219,1,pending
683,25489.121973502875,12.355866380769381,25522.10191729485,0.01,1,pending
684,25571.457398416456,12.112007212273706,25588.04900527211,0.013376793442315025,2,pending
685,25615.848477482832,32.22252759153927,25676.865140876154,0.30774937687061477,1,pending
686,25660.01328446844,21.795233535583836,25697.754298772623,0.19142179881151575,1,pending
687,25705.332864353368,29.34632385186202,25782.785745823112,0.1547503033894317,2,pending
688,25781.739986009543,5.482132317195053,25794.93305576624,0.07452588306980946,0,pending
689,25830.008282933763,18.660707115709155,25883.355815417497,0.06693463898198324,1,pending
690,25854.305233682255,28.399339299980443,25906.965194779965,0.01492788891877115,0,pending
691,25871.77366143658,18.128020319514913,25913.009663372715,0.07851149432548314,1,pending
692,25901.798113082074,14.8616707388076,25941.578069607087,0.01,1,pending
693,25916.16654535311,10.511645132620787,25944.139747265705,0.37985663355904253,2,pending
694,25928.906820737837,15.946138819557024,25973.553292812554,0.033271064613446595,1,pending
695,25928.936248003403,7.508778275797687,25949.38373610056,0.3503557446195066,0,pending
696,25968.487335481557,7.56194948914442,25978.36916661898,0.014200040623476622,0,pending
697,26007.764953304522,9.089184890126855,26031.12968777656,0.10699998150746562,1,pending
698,26014.957042934093,18.241515387058268,26056.02693697517,0.3313957915779168,1,pending
699,26046.83811926324,5.0,26059.09063641197,0.3921652209722627,0,pending
700,26050.50064600367,7.199157281386281,26069.995893144816,0.17961151329929556,0,pending
701,26085.16968025752,5.0,26093.25418538078,0.1396515659109674,1,pending
702,26102.298820011187,20.938782594439747,26147.323175472204,0.039581243546683936,0,pending
703,26115.89584685025,33.71822327438665,26172.527392187672,0.07400556991349198,1,pending
704,26177.506883602327,13.809485099340598,26210.782840874363,0.014188271721775171,1,pending
705,26199.843006897543,6.9028509982842525,26210.61763062364,0.017214802774185935,1,pending
706,26200.83728203769,6.980478825755747,26216.84148505175,0.19760939980436235,0,pending
707,26209.179221576924,32.39107652894643,26275.753853029033,0.01,0,pending
708,26291.178141343255,95.83062657777172,26435.167263835636,0.16558354562035824,1,pending
709,26292.65180970326,73.21771970249512,26472.474439437297,0.03689460284312479,2,pending
710,26350.99437895892,11.384987906139138,26365.275372621396,0.14230591204953266,1,pending
711,26358.17954726285,28.479373465796986,26429.546039033816,0.01,1,pending
712,26421.51151274372,51.08630797454432,26550.743510166234,0.022778154424076626,0,pending
713,26431.984088570676,12.814145874203321,26462.08893563929,0.10271640992877734,1,pending
714,26507.793803732737,5.0,26514.579912108966,0.22811539205440218,1,pending
715,26516.329586775395,5.08691476351653,26524.009641866294,0.2666102681909382,0,pending
716,26522.970590938083,28.413296610814292,26587.99408196246,0.0979003689296908,1,pending
717,26575.595051756067,25.249068642996193,26633.243357722713,0.515490585781994,1,pending
718,26629.033828024727,7.568417276429181,26641.03894501988,0.01,1,pending
719,26642.56101016518,32.205779819946805,26713.036142806483,0.017689072555181908,1,pending
720,26642.63196517884,13.602133714038475,26663.328887091335,0.06040373527931129,1,pending
721,26762.209185355896,90.64022334104479,26982.462563269844,0.01,1,pending
722,26768.866241591215,8.730953244738664,26779.506224614444,0.18822071959502334,1,pending
723,26789.925310301685,19.01363782680241,26846.761516212464,0.1984040262436268,1,pending
724,26810.49213846607,21.88891693356475,26868.464273279613,0.18301718325171476,2,pending
725,26816.738765042617,8.382536558761544,26834.79864578692,0.12178917668380508,1,pending
726,26878.978901163006,18.002368922774863,26906.388348939123,0.03791850171106813,0,pending
727,26899.412434357837,9.89879548978737,26911.473713473122,0.37323583524172815,1,pending
728,26948.447687183165,34.76004136473779,27033.307764381363,0.12741072661107275,0,pending
729,26990.233215832886,35.068867490212355,27094.294910600358,0.07295906351513981,2,pending
730,27095.554902759224,37.398642616104,27164.635888039258,0.2889193034780325,0,pending
731,27113.737916399095,58.563890959444066,27279.12700414919,0.01,2,pending
732,27166.2787490664,10.622838774573351,27181.586937819335,0.09076665374509106,1,pending
733,27213.70870216824,20.522628836251098,27247.78913941138,0.1928026436876642,1,pending
734,27246.23164847636,9.431860160397946,27272.046691947755,0.029340086366300863,1,pending
735,27340.670880881833,13.72969918889552,27372.524166953357,0.1394577230591406,2,pending
736,27345.015513875755,5.0,27358.63184138547,0.1367197094031826,0,pending
737,27345.936637384057,61.17423051517471,27514.884203960486,0.11842185013295088,0,pending
738,27432.823827104985,72.49999149975841,27630.541021668843,0.4759525807424258,0,pending
739,27470.89811875905,57.013445226946615,27623.589642433966,0.09505085394134499,2,pending
740,27488.627231295883,7.148898198731278,27508.924924372976,0.19231674149405076,1,pending
741,27554.56410283606,9.92803822526011,27572.571502132672,0.1737918543150578,1,pending
742,27610.876338311005,19.492133049984368,27637.12578205716,0.022876194978471046,1,pending
743,27640.131534656353,41.071164955094794,27713.70745254876,0.10628464084956178,1,pending
744,27641.07787434216,43.65280760189006,27752.484906065543,0.02741095146877929,1,pending
745,27660.050435973855,5.0,27671.370806610543,0.20300606043946628,1,pending
746,27714.370935407915,5.0,27723.71853299386,0.30635423231313724,1,pending
747,27725.168060847573,86.5918865675883,27899.852087749747,0.012428338297476992,1,pending
748,27790.567172759882,8.939910923780218,27805.043980472394,0.04096113732821462,0,pending
749,27833.96911906686,20.42954559547139,27879.931636860052,0.01960338764586012,0,pending
750,27844.80191845976,66.04312493976778,27997.754683994095,0.13641653296025597,0,pending
751,27865.81492880224,130.93502942389105,28170.979854426812,0.3966750308164361,1,pending
752,27877.462525550363,10.116968600694346,27893.97577639628,0.10901139208557568,1,pending
753,27921.43204547644,21.315450825589746,27955.70026843522,0.1804238478334612,1,pending
754,27956.563747060714,5.0,27968.77942131366,0.09164604172112567,2,pending
755,27988.729164286215,35.03959553165394,28060.8667611248,0.568031954372869,1,pending
756,28022.348410386097,12.224837783231296,28058.63944630306,0.01007713216130102,1,pending
757,28041.27702615071,34.53768929701324,28110.96008061314,0.25901178073181963,1,pending
758,28138.68309821207,46.76463534052147,28262.159427937033,0.014929730465836457,0,pending
759,28172.537061611885,51.84085006979726,28254.718924375367,0.01,1,pending
760,28174.973566696834,7.366994285736212,28190.169562969328,0.20328411222032994,2,pending
761,28220.236503375996,7.401289941306429,28230.623574237714,0.15575488052907763,0,pending
762,28254.225901604,123.86442147637722,28536.83082160596,0.1761899495596225,1,pending
763,28259.08958482296,24.709120785031917,28323.53658573296,0.5582377973678223,0,pending
764,28270.936895316023,23.566377223460865,28316.896584345373,0.2952849450697459,1,pending
765,28324.12450559696,104.92630325655188,28474.434263149928,0.12947327677330975,1,pending
766,28538.236734234233,47.17293452667075,28640.130788378123,0.07894088949604418,1,pending
767,28569.549342225786,31.946316964340905,28623.418198493928,0.06441766502720564,1,pending
768,28572.60927715348,145.90524663540938,28914.85010997221,0.30944938531041966,1,pending
769,28602.230850395026,49.471649157460725,28719.68102752282,0.27557229642272857,2,pending
770,28644.67203469455,10.15488531043438,28668.503617107817,0.1339606693948198,1,pending
771,28740.156188683373,29.219152648163522,28784.088279498348,0.04870234023652853,1,pending
772,28752.285148363637,10.133842712266295,28775.425809537333,0.5392913208454331,1,pending
773,28807.69361335486,92.417503972845,28956.3879426711,0.05454311795380056,1,pending
774,28823.34477693094,5.0,28832.934117239674,0.2699755099125887,1,pending
775,28880.066090373544,74.21962052243205,29000.724457143624,0.04634494210379964,2,pending
776,28913.47595770128,7.486543847661513,28927.17772859624,0.24502839414121408,0,pending
777,28923.078568406927,31.226506065255787,29004.72631559472,0.1312115483241049,1,pending
778,28930.99873660211,8.941391022877783,28945.39785903876,0.01,1,pending
779,28952.407096077957,45.55805957120905,29076.544526277576,0.2193355127477274,1,pending
780,28962.74206351045,5.0,28975.60205815498,0.01,1,pending
781,29160.475030916437,5.0,29170.43930927283,0.09698162781094184,0,pending
782,29169.4887737121,50.80393480665134,29292.594247340785,0.024964900606292795,0,pending
783,29228.079186014293,7.691191973738352,29241.263545269834,0.019802333447883496,1,pending
784,29236.72111738693,10.175362103811363,29262.276302020917,0.04144238814761398,1,pending
785,29316.550611180024,54.11975589580679,29427.23257955219,0.058498368478851454,1,pending
786,29324.477245178256,15.952189384981729,29363.99231991339,0.10909642973660254,0,pending
787,29423.132916329392,5.0,29437.43383094866,0.010241184198176843,2,pending
788,29438.219468040348,83.72079614552771,29542.92698166797,0.221091455870824,0,pending
789,29465.71853980937,22.950556970202857,29514.151263708314,0.011334420281390532,1,pending
790,29564.1187739271,8.183607162455932,29585.392757749596,0.3328191004786011,0,pending
791,29671.770414458566,22.59447580425344,29713.254281299145,0.01,1,pending
792,29781.244872136816,34.387963697154454,29839.74581006518,0.01,1,pending
793,29949.992894474868,32.885113789694955,30018.20634224698,0.01,1,pending
794,29952.929515641503,5.0,29965.222333004716,0.01,1,pending
795,29980.29387999595,60.28919644534915,30086.426215706713,0.01392695025663551,0,pending
796,30014.88922228324,42.78317825940815,30106.615031134777,0.05493089712827438,1,pending
797,30022.342022627363,15.631245950746862,30041.701982128026,0.16301673017071058,1,pending
798,30029.9604131879,13.660482923044936,30063.910369145382,0.14839824005077018,0,pending
799,30037.07710144502,31.602358455814834,30120.103034998294,0.14960806851199376,1,pending
800,30051.717461953496,16.27598732643202,30082.67226764065,0.019103790832916908,1,pending
801,30086.262911838377,45.348029620262736,30202.80713007235,0.04241380524059665,0,pending
802,30126.0682236153,59.563657177669015,30260.694350850932,0.09771065213087968,0,pending
803,30131.48404503176,5.0,30140.92871570454,0.15352743459471163,0,pending
804,30142.71358621279,5.0,30152.84969199278,0.7539221543863689,1,pending
805,30170.568311965977,37.8203835466173,30253.18193231034,0.11422446618316393,1,pending
806,30205.392599112467,5.0,30220.00842904914,0.39503395698450805,0,pending
807,30222.96829792792,34.40932145462055,30270.391946300424,0.03494762742461037,1,pending
808,30247.003791933294,6.096902017958994,30260.02214876059,0.03494194269287829,1,pending
809,30315.988164050337,35.7021523538717,30393.86933169716,0.01,1,pending
810,30322.85299769952,40.884043250139236,30385.8099976249,0.26134695921989987,2,pending
811,30351.76084304574,13.157262294589387,30375.56911210498,0.01,0,pending
812,30411.433445948343,132.0154539700491,30715.281245913746,0.08241682082955365,1,pending
813,30481.340258787044,5.0,30493.632591364403,0.04984553932207129,1,pending
814,30482.033021079827,133.39584973604607,30870.346371601623,0.19937184342059266,0,pending
815,30650.607013766024,106.28828654268685,30798.362713651222,0.049257977860606116,0,pending
816,30678.816150744373,8.760475041097246,30690.464277968425,0.5375514716755795,1,pending
817,30682.42875479185,5.0,30696.1389549278,0.21925709176256203,1,pending
818,30700.969878582913,14.14175797341447,30718.41873265778,0.01,1,pending
819,30764.123329215814,6.84445066037959,30778.421235000114,0.0918484799137365,1,pending
820,30830.638478809844,26.405460334631144,30899.016124887556,0.07106671912298354,1,pending
821,30835.747461237606,5.243593552444306,30849.591009916,0.06067523916500974,1,pending
822,30948.47353569827,10.143246931238693,30974.60012234471,0.4080323205120608,0,pending
823,30976.045977255282,73.9394586134182,31083.065680996493,0.10492252796445804,0,pending
824,30980.874949220626,5.0,30995.523732850783,0.03635428557376798,1,pending
825,30990.4225936138,6.598070115815926,31008.89715174457,0.5156040142607523,1,pending
826,31010.855238809316,35.88333953792683,31061.730962732876,0.09978767094461181,0,pending
827,31074.74579424133,50.88340485707518,31188.239139027937,0.021337367364867885,0,pending
828,31123.021557979187,5.658196966578095,31138.612465195107,0.11230823238534589,0,pending
829,31128.786780190618,36.70861423306269,31197.487412318835,0.11404876380789342,1,pending
830,31172.91138065558,113.30266537978456,31376.115798281462,0.16849194354988592,1,pending
831,31207.647552115726,5.68058662191754,31215.709053196442,0.22962181593151382,0,pending
832,31233.98772000442,55.75779498556692,31367.97152967945,0.025831181692424876,0,pending
833,31336.21785562163,8.25632352354568,31359.666774428977,0.05110000340573364,0,pending
834,31467.80007505919,51.254637472589195,31555.68574177569,0.4206740124578318,0,pending
835,31470.192754032934,73.76064982743942,31564.449549466684,0.22072163022065786,1,pending
836,31488.150649669173,5.570439201586963,31496.993660218166,0.09238493050015657,0,pending
837,31497.231395662573,25.76317375766091,31543.255746757826,0.12848528306035362,1,pending
838,31531.103907382665,5.6136933431710165,31538.066053529532,0.12702323200300514,1,pending
839,31539.413944584692,21.85796239807846,31592.77747420841,0.15739707889645066,1,pending
840,31568.266807811786,68.33278840393766,31706.78034349606,0.01,0,pending
841,31683.136820311032,29.8805350604225,31755.305435203278,0.1105632894993265,0,pending
842,31703.95041508257,35.06829413298683,31766.457926252784,0.024167687269665335,0,pending
843,31731.124648626836,32.76879862632492,31784.909243483195,0.09140803746041516,2,pending
844,31834.446977340358,20.295943522802602,31876.235496793466,0.13686316317201125,1,pending
845,32010.90846847086,5.0,32025.81561092523,0.18898122853698904,0,pending
846,32194.10245206193,16.621796064754648,32219.77305507982,0.012536155395358961,1,pending
847,32199.132455100687,33.45967169616576,32258.37347660987,0.03910314997028319,0,pending
848,32221.996357858046,14.33886703426269,32254.506319870878,0.16707650168875543,0,pending
849,32242.791236981884,31.083500187031746,32328.391405872997,0.037030438461976574,1,pending
850,32282.02028952435,30.37960242471201,32324.005078620325,0.11908929273214178,0,pending
851,32374.027914922674,26.30910089114186,32415.8390520374,0.0745613705902986,1,pending
852,32389.34827646428,52.667378256505906,32466.61849875934,0.08550839145283379,1,pending
853,32389.948476756188,80.97259688942776,32560.589809207268,0.1937205786614272,1,pending
854,32443.71461185562,52.61068938900106,32526.144717735202,0.03692675577421421,2,pending
855,32469.82253707576,42.637937334446555,32578.803063769865,0.01,1,pending
856,32531.371040848484,11.680293884143573,32553.766351439623,0.2649492042009773,1,pending
857,32557.648996292282,16.438293788890547,32604.772192869477,0.852940479262273,1,pending
858,32649.24264784919,45.52301835865699,32758.47495018522,0.07461169146420932,0,pending
859,32665.637315743366,5.0,32676.795564550932,0.06734318581144386,1,pending
860,32677.53996899164,12.964965797540192,32709.14695644074,0.09344227585897837,2,pending
861,32679.961054987503,41.841150323021736,32760.158481572096,0.024530279002537028,1,pending
862,32698.085850521515,18.560540311253455,32752.130849890575,0.24256353940603811,2,pending
863,32699.219945507153,6.910682038005225,32712.380239979484,0.3942308631894387,0,pending
864,32768.20186246259,5.0,32776.48741463938,0.04561697821079965,0,pending
865,32787.170911525136,25.384257159162573,32836.39910849663,0.012486157061277063,0,pending
866,32854.95496669541,29.76127295748668,32895.97612431045,0.1398687077193566,1,pending
867,32868.36802387311,21.217893105419833,32912.68379157059,0.01048231514752667,1,pending
868,32922.532969130305,30.58464490088295,32982.97974151689,0.0794263927835525,1,pending
869,32975.26796481929,27.223750306608114,33037.64428764136,0.01,2,pending
870,33004.862900402775,5.0,33012.99156439038,0.1699700013869632,1,pending
871,33041.82452133778,25.793138828678973,33107.95122803825,0.20241211474729173,1,pending
872,33106.23203750161,57.55702424487115,33214.33948238641,0.06348263305863457,1,pending
873,33161.80962914635,53.33843131622888,33248.62767429648,0.0927539342932356,0,pending
874,33326.80645555639,6.482269586598196,33345.24795074988,0.07858739269483893,1,pending
875,33396.659102953556,7.166258137606288,33414.18507658338,0.04208505233332312,0,pending
876,33427.663592171746,86.20735247362889,33588.15673636786,0.1638829231030555,0,pending
877,33436.985853115,12.704821619354508,33470.692279101124,0.3408414727154643,1,pending
878,33554.06748554709,46.523519440227496,33680.950997942375,0.016117876676238603,2,pending
879,33555.48621914408,77.33619943819275,33735.19554068978,0.3051329830366226,1,pending
880,33573.29887842461,34.60188559830762,33627.392899026,0.14107026375380166,1,pending
881,33579.30754281274,5.0,33591.569050084705,0.07889117885104396,1,pending
882,33643.319733089236,5.0,33658.13280143205,0.3470232843701138,0,pending
883,33697.80342014824,67.20062497748414,33873.86076176846,0.1766391323826992,1,pending
884,33722.98035107192,31.933237984514044,33767.398492235894,0.34623953071116936,1,pending
885,33781.70247451385,63.89133986731531,33944.378433752165,0.3932429520089509,0,pending
886,33869.623122916244,24.1615018188975,33918.08520505101,0.516056556486894,1,pending
887,33870.235803111194,18.71597703666484,33914.300399876905,0.07003617915873947,0,pending
888,33923.66684731522,30.344941155730677,33999.41322766951,0.14698666131528992,0,pending
889,33941.46593272454,21.681169251207457,33979.195491221355,0.15485867220931693,0,pending
890,33955.83974311631,71.71918522555714,34042.79514311865,0.02156826289629093,0,pending
891,33956.29175253705,5.0,33970.60060026309,0.16303858969853643,1,pending
892,34014.7556750923,90.96448603898882,34219.340616077134,0.09291005525114253,1,pending
893,34108.585988245926,47.15601522699821,34178.83411934664,0.0720294578175519,1,pending
894,34148.62580292822,18.83619392974238,34181.34851200209,0.06961172987786683,1,pending
895,34185.90973882468,5.0,34193.691591129726,0.06130731979453364,1,pending
896,34206.95754424643,47.672950119772885,34279.8254215201,0.06384413585006264,0,pending
897,34390.90207884564,5.0,34401.91601794908,0.14172316501472865,1,pending
898,34428.04834845561,60.18940477066535,34589.01942207874,0.05040022260000749,0,pending
899,34466.65494244016,5.0,34474.05969108005,0.5208908434017583,1,pending
900,34500.41571874661,33.55457728040321,34543.25241210371,0.022062724906514092,1,pending
901,34510.08617123795,19.954293322699463,34541.496061684375,0.24418533886912075,1,pending
902,34590.76095823854,25.5443960138601,34649.58300896308,0.09321485598932962,1,pending
903,34647.81398206711,8.873958698456065,34667.877350481765,0.18933038144774464,1,pending
904,34656.907017161444,13.906244346022257,34686.23387549168,0.27459123409660324,0,pending
905,34679.460421568336,5.0,34690.367441341805,0.06425157515219125,0,pending
906,34695.90401000593,36.399969872122526,34740.816419964394,0.1665146843788141,2,pending
907,34816.62540914014,5.0,34823.20831891709,0.1934422955939809,1,pending
908,34858.6481444745,30.678063726164556,34944.880643679666,0.10998758868621458,2,pending
909,34858.95063295797,22.65223664505652,34914.96128051479,0.058600716081759735,1,pending
910,34881.49390728428,5.0,34889.564319715755,0.04077394865463834,2,pending
911,34889.332240877644,12.268784452313662,34924.89003585926,0.2450924826734383,2,pending
912,34929.4807970246,82.44566281645662,35176.61144559747,0.08531562372637877,1,pending
913,34939.362793234795,7.7271324548216205,34956.42435957327,0.3194642929867531,0,pending
914,34967.05362846905,18.805722993509846,35006.728414774785,0.021656632460754704,1,pending
915,35002.34479724836,16.365384479693525,35033.383232561486,0.06500759890157443,2,pending
916,35026.21751743418,65.49042168273685,35111.79664001491,0.5371231747538907,1,pending
917,35076.87109616738,5.0,35091.38144229293,0.11912672991724312,0,pending
918,35127.85497182722,36.36471055486316,35183.7416819391,0.15928921130057286,1,pending
919,35190.138506630756,64.10135932675027,35283.153697635214,0.020386981854246766,1,pending
920,35233.89567324946,10.871216382709287,35250.10581581793,0.017588962754750085,1,pending
921,35256.71300677531,34.02585058754737,35310.64016583029,0.16494862994273943,1,pending
922,35275.17703855031,59.39966634897497,35416.17073727923,0.019067158695841226,1,pending
923,35289.90881014986,25.56974441448422,35338.70947617634,0.06309540174034031,2,pending
924,35336.491656294995,11.505156133520344,35369.54571678625,0.2035146775904092,0,pending
925,35398.6633961278,5.0,35408.94744544539,0.05745791466890214,0,pending
926,35444.69632779449,114.41738322736184,35783.423516117844,0.05774671777083809,0,pending
927,35482.82944330761,13.021174794613067,35512.50399195904,0.09788920347920747,2,pending
928,35547.64636298945,7.189656353671541,35564.820596372236,0.06099881791067613,1,pending
929,35563.81417391836,31.814924113252502,35623.96432018399,0.18070090430701827,0,pending
930,35633.72625467352,33.060494671734745,35703.67773081047,0.18298483851228223,1,pending
931,35649.43299660709,18.53928088921714,35675.55575068072,0.03015342673076988,1,pending
932,35672.24803394901,8.470614154034676,35683.37682907172,0.18639728462693492,1,pending
933,35678.71883341855,13.737045570686206,35697.51580891379,0.25718486887770226,1,pending
934,35681.89081689225,34.52758880728076,35751.4295059758,0.042638259721980376,1,pending
935,35716.143541693775,5.0,35726.268909419574,0.3247443499173638,0,pending
936,35740.52513790945,6.262257260736071,35754.44980931648,0.4892909684459313,2,pending
937,35741.51842065821,30.410209166905616,35802.09362670468,0.18901427833973813,0,pending
938,35743.3087486787,52.216809530352876,35861.47169880751,0.30816242648972186,1,pending
939,35775.44210028779,21.682950265725378,35833.85710023977,0.4555432785327158,0,pending
940,35790.62031603205,20.869116364924075,35838.38978783631,0.14103662947659665,0,pending
941,35820.294422363666,45.62013605309822,35942.617450100086,0.01,0,pending
942,35884.77616037266,39.65562630478383,35988.31174391789,0.18081079420670018,1,pending
943,35892.516098567,37.5209971711343,35940.33755298456,0.08751984084720625,1,pending
944,35970.1593840778,51.14208497337357,36117.51061670038,0.03910109857937987,0,pending
945,35976.239172942696,25.96756781263457,36044.99595438856,0.20939574096231364,0,pending
946,35988.38596316582,28.940026156808155,36024.08765681295,0.19304113139986928,1,pending
947,36001.790247789526,44.516223867554565,36113.13107125769,0.21774284202236296,0,pending
948,36009.00156453916,16.911758476243197,36059.546648009506,0.22096548145507147,0,pending
949,36019.655912101334,25.93087954637411,36094.37688987732,0.35821873392400194,1,pending
950,36023.67044324828,50.55186001486328,36135.62516321012,0.1123310226651701,1,pending
951,36026.990985526136,11.956528918467608,36046.73815389019,0.10772652896247126,0,pending
952,36089.53396774829,25.866988388460523,36131.95964606824,0.3838176849584921,2,pending
953,36094.03867794497,24.44412609225081,36146.53756186706,0.08580901163357865,1,pending
954,36157.901534538316,5.0,36171.843146548454,0.05718779493236798,1,pending
955,36158.52392874367,30.855269113998386,36229.28679835608,0.13173614359952646,0,pending
956,36187.508963900524,22.378229183624914,36221.67138283689,0.04940185921206896,1,pending
957,36223.07981377572,22.28197831611148,36281.4767882579,0.08484216638707932,0,pending
958,36238.93478054997,6.841764081073338,36248.22794845943,0.16315575007206307,1,pending
959,36293.96870164581,16.51507169917032,36317.51370438999,0.16834366069766285,0,pending
960,36306.217117762324,6.979863692771679,36320.98810693592,0.05483313189349386,1,pending
961,36324.50137052843,80.5110016049251,36454.198034020235,0.08168800578121894,1,pending
962,36328.69545804686,96.18885643063219,36499.30614479666,0.15517381889980164,1,pending
963,36344.29606173969,11.425825681946215,36360.28324799177,0.14814675725320184,0,pending
964,36350.5547051882,74.31941912070462,36500.27982586315,0.14759574484468385,1,pending
965,36358.49082443552,28.1636382029797,36413.329975450964,0.14313652649778205,1,pending
966,36364.049634814204,9.005520287082193,36380.98422959324,0.08759518606504062,0,pending
967,36484.40531266736,59.8549273502606,36593.76021769278,0.15123502052965526,1,pending
968,36506.10439587301,7.201208924538905,36518.01969987893,0.1568014863637875,0,pending
969,36617.73257026279,43.103630092696825,36705.310996479675,0.06121772542979559,1,pending
970,36620.173196552685,72.32902373938033,36724.64914906156,0.19132796752777115,1,pending
971,36649.892390657034,35.15201816663732,36735.74913135635,0.41097860931410707,0,pending
972,36706.722623003254,39.07959280513161,36774.8312150208,0.06540625193100354,0,pending
973,36815.419525430305,14.883577496393906,36834.10519634528,0.3671595188145282,0,pending
974,36932.15046522681,5.0,36944.448613765686,0.19648947181264442,2,pending
975,37034.35067698371,55.682230182384565,37156.63175328514,0.19379192777841667,1,pending
976,37039.860120827136,10.817172640208245,37067.35792773026,0.06310563630128811,0,pending
977,37045.714946379165,69.94141543439419,37150.21352370498,0.056916392299978656,1,pending
978,37124.42093385448,20.720673216280733,37178.222804260826,0.2072253422859763,0,pending
979,37373.21874178606,7.098905440320862,37383.580476342904,0.05435429214151093,1,pending
980,37379.328298494,19.835165301793555,37422.37475434887,0.08409105948873628,1,pending
981,37505.20547725726,32.63819378522549,37569.48986277985,0.43873239686458415,2,pending
982,37659.96848733139,9.072456139047008,37681.100685583995,0.14177219584763662,0,pending
983,37708.386335783995,9.920807277711399,37727.64299696381,0.06823146236478468,1,pending
984,37851.97137299201,5.680351074139893,37863.66796215373,0.07332592813695998,1,pending
985,37869.59392766877,5.892031238456277,37881.435638261006,0.08218672434458346,1,pending
986,38030.80642974646,5.0,38037.98711762372,0.1564088389022166,1,pending
987,38046.62155101632,36.78458975453599,38153.08074285819,0.013653680372502716,1,pending
988,38091.79374663496,5.0,38098.260109791176,0.1139662803197995,1,pending
989,38134.96451622475,29.24514620029727,38191.30067588971,0.23985054660745994,1,pending
990,38360.47433601784,34.81776842538693,38464.04023239395,0.02225672799304591,1,pending
991,38407.86398108868,5.0,38416.337214438805,0.01,2,pending
992,38422.71892460308,80.91839485065643,38564.092503023705,0.12058840529723436,1,pending
993,38426.06933484862,11.484831820396774,38444.932660263476,0.02479572521044962,1,pending
994,38435.483814156665,11.586022313417702,38462.221504360416,0.534316932064731,1,pending
995,38452.19192900746,24.49960964140091,38505.08355608649,0.01,0,pending
996,38478.4139830718,54.99601509710409,38548.84817567374,0.3550401833662078,0,pending
997,38547.66444517961,23.209361907040805,38582.55368380629,0.09014192675181161,1,pending
998,38603.51216706288,158.85654930681667,38881.37596266219,0.04709564631786319,0,pending
999,38670.497283900106,5.0,38681.871565039226,0.014019238262713445,2,pending
1000,38740.99832624379,43.57405874758211,38865.38493568896,0.40295309168290006,1,pending
1001,38766.02215552391,5.0,38777.04651890009,0.015323158267486078,1,pending
1002,38811.88409173622,25.460093935796387,38879.78527251869,0.11576044452999067,1,pending
1003,38841.00751332328,61.68436859888422,39004.04015316338,0.04855823444707242,1,pending
1004,38855.69837545175,29.835862553499712,38891.89947545213,0.07563757210230265,1,pending
1005,38857.461283595905,8.15269354238199,38880.99655613442,0.07797718327096795,0,pending
1006,39008.72083923427,31.84508191731142,39088.89296329176,0.22256129907729819,1,pending
1007,39066.07557904431,39.92864978420253,39134.772705595366,0.1737866866495213,1,pending
1008,39074.57890062101,23.889268940168694,39128.93345659355,0.01,0,pending
1009,39105.71669649342,8.962598015642607,39131.486233048265,0.051389621141145564,1,pending
1010,39108.30952065,17.288431473934846,39134.8647790472,0.022379890331055117,0,pending
1011,39118.48035140247,7.021167043915547,39133.902802538076,0.37704898616238186,2,pending
1012,39143.73122013497,11.844621926340821,39164.839927305955,0.12456533019278111,1,pending
1013,39256.035445301466,13.23631520309775,39293.61002034392,0.07118563674701456,2,pending
1014,39368.66034998705,20.226362738068186,39412.35133052146,0.2285356877094759,1,pending
1015,39393.23603950624,24.89691970840948,39433.829948743536,0.019856187576688143,2,pending
1016,39430.30205222178,83.30973437172918,39650.474133765914,0.01,0,pending
1017,39469.251749330404,51.69987204329321,39586.25249045542,0.10975022211981435,0,pending
1018,39500.3144096087,5.0,39513.342186116155,0.03310916093104415,0,pending
1019,39541.702722017864,39.056524377956634,39589.68611673355,0.23870555494741452,1,pending
1020,39542.32441015993,5.0,39550.44744629658,0.046853236350761183,0,pending
1021,39554.947342085106,5.141756092622663,39565.569720436404,0.05004590945522342,1,pending
1022,39560.51977984365,150.1156408050976,39897.37084552319,0.12537184961886144,1,pending
1023,39594.410522007485,7.487306749989706,39608.90325985513,0.01985461016514827,1,pending
1024,39647.93410250993,43.131324913896364,39725.40169908596,0.20912831605959128,1,pending
1025,39662.307505474935,13.941934592873116,39703.85116677222,0.02815227663077849,0,pending
1026,39698.47046039511,5.0,39709.823890267515,0.4584918644824723,1,pending
1027,39727.01642633151,31.2432109145913,39769.32918001183,0.1166360467319249,1,pending
1028,39733.832180740945,72.06783259874109,39821.15756063897,0.027392438342811975,2,pending
1029,39808.96101038711,50.550968725003656,39950.9603391949,0.1842196521552072,1,pending
1030,39821.375706790976,143.24377077499778,40016.52939760929,0.11834187217184897,2,pending
1031,39915.83583500863,34.65497660391348,40001.25205235478,0.2366070551086449,1,pending
1032,39919.276023552295,74.89457920002386,40057.902489595734,0.01,2,pending
1033,39992.04769435602,13.503296746816805,40024.57587466141,0.036016008754100146,0,pending
1034,40188.78463938174,49.81766570209774,40268.27251234272,0.01,1,pending
1035,40293.982894009845,21.283222536577146,40347.353358972956,0.06453792169423284,1,pending
1036,40324.46071102356,41.45661854129862,40406.92322351683,0.028259627833764095,0,pending
1037,40350.691842371714,5.0,40363.087126855884,0.07309439150761064,1,pending
1038,40759.44121964311,73.1775050023252,40918.41635669828,0.06425612328177435,1,pending
1039,40797.53558177715,12.876950995047954,40816.03445706222,0.13513243920727055,1,pending
1040,40813.49833281037,26.18021315688417,40882.61379828094,0.03369613122414327,0,pending
1041,40875.84915739493,10.308093011121578,40890.02307746164,0.05250644809508324,1,pending
1042,40886.65979254523,16.763844827574257,40935.86588703054,0.15879310907124844,0,pending
1043,40925.47664251587,45.818313761376714,41007.30438432575,0.023412624411605954,1,pending
1044,40935.77567035376,8.900471294999203,40950.56506588706,0.13124184931287736,0,pending
1045,40998.076216335685,12.532407612677606,41032.456595168944,0.6703930491309013,0,pending
1046,41007.19554808443,12.615766721358257,41038.34524483726,0.16071666677586227,0,pending
1047,41067.12644571455,6.487365218540972,41085.63110662785,0.03336705418926805,1,pending
1048,41127.95129810203,40.063147879001924,41201.09448126152,0.06861205844623841,2,pending
1049,41143.47151956271,18.23381322622353,41193.725994042165,0.02266738318499245,0,pending
1050,41175.74907822743,5.0,41185.36744559766,0.01,0,pending
1051,41183.099826284284,34.90421063126853,41272.75426286238,0.28935600249139437,1,pending
1052,41226.86011732345,40.858853871412215,41343.2846638107,0.20692827561178326,1,pending
1053,41256.58246484769,82.50164303055841,41384.261960540935,0.10393102256306908,1,pending
1054,41313.50783585023,153.13486430893084,41685.14176152024,0.3163504734235223,1,pending
1055,41321.95558173789,5.0,41335.80140282501,0.17945687366277444,1,pending
1056,41368.7296711449,5.617204622126432,41375.72997602828,0.04515088184349876,0,pending
1057,41431.468765737554,74.22732018801649,41609.8102415875,0.377867155569967,1,pending
1058,41547.00687724789,17.725883995417178,41598.16251586918,0.09325235335492028,1,pending
1059,41555.93617667821,6.854284497033827,41566.02916704877,0.7627669698916201,1,pending
1060,41600.417432085356,12.187782470963606,41618.554015672016,0.01,2,pending
1061,41650.19706326762,10.08808950854046,41678.44784051014,0.11453844697649398,1,pending
1062,41699.13830590515,30.025657361997247,41785.02081337006,0.10787437494906292,1,pending
1063,41701.489900421686,54.65663643106466,41798.937212078345,0.56650495777634,1,pending
1064,41705.11233999698,5.0,41717.6358057266,0.16207148988542627,0,pending
1065,41846.03146224915,6.383602527484512,41858.15979124303,0.05627584190612654,1,pending
1066,41873.51645418334,5.0,41884.779546389895,0.7593645968753138,1,pending
1067,41987.19441619059,24.60134840473407,42040.86146636876,0.01,2,pending
1068,41995.053845313676,5.0,42005.6728171156,0.6317521170211821,0,pending
1069,42066.58104054936,62.77160566657068,42180.34681840906,0.1174621795746545,1,pending
1070,42072.725092478555,24.135922101213314,42131.463457649574,0.17460806239471816,1,pending
1071,42079.57016652644,46.78980256863145,42137.82103038873,0.43150634280538636,0,pending
1072,42115.53695424374,5.0,42125.822395247036,0.3780725068923675,1,pending
1073,42276.740669224935,20.06352135393375,42303.11509701821,0.03905673954432848,2,pending
1074,42280.580320811154,25.929936104093578,42315.797087184685,0.0826632940517352,2,pending
1075,42282.11731908278,11.97375442456749,42314.05579708535,0.017502310884915693,1,pending
1076,42313.614994071184,34.446537096810964,42380.16089251091,0.1329190452261091,0,pending
1077,42331.261930756096,6.9024685090724525,42347.12012183806,0.16811843687095793,1,pending
1078,42381.56901932538,5.0,42394.98811773363,0.2962666753849072,1,pending
1079,42413.52116467973,5.0,42424.949852072605,0.13521456561704112,1,pending
1080,42543.43982857779,5.0,42552.5209463034,0.5207065244692054,0,pending
1081,42575.71657923183,24.320833098575832,42645.75525825029,0.1688873342086534,0,pending
1082,42581.50139111766,5.0,42588.200809900096,0.19211671453713325,0,pending
1083,42585.09424831013,24.26130631750984,42619.76057376169,0.1428120452785012,1,pending
1084,42592.67566079391,49.86734327197583,42720.105092698424,0.04238675976351665,0,pending
1085,42680.3567567624,8.960064859149636,42706.71823570571,0.3275934318118017,0,pending
1086,42719.57795181658,11.496610182938607,42750.42678386311,0.026463781521246146,1,pending
1087,42735.67467031676,6.576081099729794,42745.710775537504,0.013771375202887154,1,pending
1088,42819.75404578901,57.86412324994049,42949.47687034107,0.04495431015710662,0,pending
1089,42857.134108090344,56.645804889430444,43006.94890306752,0.015962747594540253,0,pending
1090,42894.167783066085,30.99648372124461,42971.63730979403,0.18872598857993086,0,pending
1091,42898.655815327045,38.52759289078861,42956.64076783578,0.056769398894472495,1,pending
1092,42904.38405134313,55.77132636635668,43061.497742094965,0.049106723191744056,0,pending
1093,42934.23631535261,5.0,42947.974217877105,0.07100342749503508,1,pending
1094,43071.398093652984,11.990316726305696,43093.27561863866,0.08060019138619985,0,pending
1095,43088.81959811425,14.25731790956684,43120.46479333068,0.012334560095409348,0,pending
1096,43111.025983474676,106.77787541306174,43419.14548737109,0.40864213627853513,1,pending
1097,43153.93744291609,63.42785350458626,43305.4404110496,0.037482540675414115,0,pending
